scope,profile,motion,seed,success,minimum_distance_m,oscillatory,maximum_command_reversal_rate_hz,mean_acceleration_jerk_rms_mps3
single,legacy,line,2026081801,1,0.2491678633709911,1,4.387755102040816,24.78936731586584
single,legacy,line,2026081802,1,0.42160615294292947,1,4.903846153846153,32.15326455021815
single,legacy,line,2026081803,1,0.40630700680443543,1,4.671532846715328,26.736879453921194
single,legacy,line,2026081804,1,0.26276124628494696,1,5.048543689320388,28.177270044046413
single,legacy,line,2026081805,1,0.12997665334378974,1,5.294117647058823,29.11413975867375
single,legacy,line,2026081806,1,0.32857593623008186,1,4.024390243902438,27.173064772671818
single,legacy,line,2026081807,1,0.1834059876228106,1,5.294117647058823,24.664010667945714
single,legacy,line,2026081808,1,0.23600767124121153,1,4.791666666666667,27.62303915209598
single,legacy,line,2026081809,1,0.1748197560493298,1,5.14018691588785,29.841969023339015
single,legacy,line,2026081810,1,0.17555868478548278,1,4.705882352941176,26.60687838605955
single,legacy,line,2026081811,1,0.22076904232346542,1,5.222222222222222,29.4771717232838
single,legacy,line,2026081812,1,0.16461022306290515,1,5.1724137931034475,28.547098198253636
single,legacy,line,2026081813,1,0.11737001882355068,1,4.555555555555555,26.93378538816042
single,legacy,line,2026081814,1,0.4244045475277425,1,4.9523809523809526,27.494451265968326
single,legacy,line,2026081815,1,0.19394969867335002,1,4.431818181818182,28.126871266091513
single,legacy,line,2026081816,1,0.292031683404155,1,4.430379746835443,28.12251103951897
single,legacy,line,2026081817,1,0.12589022220953408,1,4.639175257731958,29.316179318489603
single,legacy,line,2026081818,1,0.04820354908383252,1,4.298245614035087,28.483463356559216
single,legacy,line,2026081819,1,0.46089128172916327,1,4.895833333333333,27.32703522855121
single,legacy,line,2026081820,1,0.5165965860715986,1,4.117647058823529,26.959496714132424
single,legacy,line,2026081821,1,0.12208626520900272,1,4.059405940594059,26.965380106547887
single,legacy,line,2026081822,1,0.2690317802188314,1,5.133333333333334,24.3735827066942
single,legacy,line,2026081823,1,0.10206918819200791,1,4.871794871794871,27.841981202055184
single,legacy,line,2026081824,1,0.23543271242818134,1,4.555555555555555,30.021772764126123
single,legacy,line,2026081825,1,0.20309188205517303,1,5.196078431372548,29.773691247919743
single,legacy,line,2026081826,1,0.12276130765639025,1,5.1655629139072845,25.226310035144675
single,legacy,line,2026081827,1,0.0711399526333425,1,4.320987654320988,26.05462750992785
single,legacy,line,2026081828,1,0.11270535648436936,1,4.7,29.01678318660896
single,legacy,line,2026081829,1,0.5261309805815321,1,5.555555555555555,31.557184410810493
single,legacy,line,2026081830,1,0.15855613223331289,1,5.049504950495049,28.69336084123774
single,legacy,line,2026081831,1,0.054562399261355955,1,4.774774774774774,28.707887112457474
single,legacy,line,2026081832,1,0.2968747239673072,1,4.810126582278481,25.301803540550523
single,legacy,line,2026081833,1,0.06672039014945716,1,4.489795918367347,28.611642434330452
single,legacy,line,2026081834,1,0.05033507136877086,1,4.395604395604396,26.75875046561013
single,legacy,line,2026081835,1,0.31295961936883154,1,5.285714285714286,27.771183492610998
single,legacy,line,2026081836,1,0.34889922436279175,1,4.567901234567901,25.99705217725699
single,legacy,line,2026081837,1,0.09001136880912922,1,4.476190476190476,25.360028004502855
single,legacy,line,2026081838,1,0.15870380288300506,1,4.791666666666666,19.151498313292446
single,legacy,line,2026081839,1,0.08798009454977773,1,4.680851063829787,24.82022557967126
single,legacy,line,2026081840,1,0.06679996546377591,1,4.722222222222222,28.93032366261932
single,legacy,line,2026081841,1,0.026799980686012886,1,5.0,26.56063510464702
single,legacy,line,2026081842,1,0.04828358780851881,1,4.8076923076923075,24.9576061708564
single,legacy,line,2026081843,1,0.17204256039839402,1,4.4186046511627906,24.28923270943271
single,legacy,line,2026081844,1,0.021726396777921722,1,4.634146341463414,19.759236195354863
single,legacy,line,2026081845,1,0.02597178692674489,1,4.084507042253521,29.435069860230122
single,legacy,line,2026081846,1,0.0123439346991883,1,4.215686274509803,25.897145363678174
single,legacy,line,2026081847,1,0.24482783057474292,1,5.348837209302326,28.162339393804473
single,legacy,line,2026081848,1,0.20150736434214794,1,5.428571428571429,29.99379670059152
single,legacy,line,2026081849,1,0.21230847831222865,1,4.7422680412371125,30.10851055949798
single,legacy,line,2026081850,1,0.11429312829932017,1,4.653465346534653,29.268321843508346
single,legacy,line,2026081851,1,0.21425746931173123,1,4.795918367346938,27.004878746090547
single,legacy,line,2026081852,1,0.5101847005189599,1,4.6902654867256635,27.53750663746774
single,legacy,line,2026081853,1,0.03279878408205541,1,4.299065420560747,24.946366479813353
single,legacy,line,2026081854,1,0.09690037228058375,1,4.579439252336448,28.75821926122161
single,legacy,line,2026081855,1,0.14492847320374277,1,5.294117647058823,20.204147980246592
single,legacy,line,2026081856,1,0.17116050439243194,1,5.662650602409638,27.43674590624443
single,legacy,line,2026081857,1,0.1704274890953209,1,4.831460674157303,29.12436790648143
single,legacy,line,2026081858,1,0.02248467930805701,1,4.183673469387755,29.157484268617427
single,legacy,line,2026081859,1,0.11281265866713436,1,5.033112582781457,26.264829387109874
single,legacy,line,2026081860,1,0.32913020208555205,1,4.455445544554455,25.06267538258386
single,legacy,line,2026081861,1,0.09543670432343725,1,5.444444444444445,32.70134653102498
single,legacy,line,2026081862,1,0.37264121725892474,1,5.223880597014925,26.637314472543583
single,legacy,line,2026081863,1,0.05143239022024721,1,4.628099173553719,25.65402454581255
single,legacy,line,2026081864,1,0.34117078946767265,1,4.342105263157895,27.718097655185012
single,legacy,line,2026081865,1,0.24149327073892696,1,4.831460674157303,26.65778670725869
single,legacy,line,2026081866,0,0.6153144005626756,1,3.571428571428571,23.079244414359636
single,legacy,line,2026081867,1,0.11402252845417123,1,4.387755102040816,26.90677806366192
single,legacy,line,2026081868,1,0.08664579717357186,1,4.811320754716981,31.04003835434747
single,legacy,line,2026081869,1,0.3400911027428775,1,4.655172413793103,28.09247012698376
single,legacy,line,2026081870,1,0.16533792800582553,1,4.873949579831932,29.931328281252675
single,legacy,line,2026081871,1,0.1518555113120357,1,5.0,28.91448069964842
single,legacy,line,2026081872,1,0.4083190037922397,1,5.223880597014925,30.75373173359403
single,legacy,line,2026081873,1,0.26662630905011975,1,4.489795918367347,28.275016355099634
single,legacy,line,2026081874,1,0.3670018435172022,1,4.859813084112149,30.214169057418886
single,legacy,line,2026081875,1,0.5343127955310597,1,4.117647058823529,20.119501278650706
single,legacy,line,2026081876,1,0.2410430142695053,1,5.13157894736842,27.996729773011616
single,legacy,line,2026081877,1,0.30410851746893425,1,4.3283582089552235,28.19570201319166
single,legacy,line,2026081878,1,0.4293342162078295,1,4.6226415094339615,26.067644003714694
single,legacy,line,2026081879,1,0.5698888051983962,1,4.660194174757281,30.017900599058677
single,legacy,line,2026081880,1,0.2925508402647355,1,5.0,31.206523235148147
single,legacy,line,2026081881,1,0.23239404072587488,1,4.545454545454545,29.214866440586412
single,legacy,line,2026081882,1,0.4335549353407248,1,4.642857142857142,26.699737146601585
single,legacy,line,2026081883,1,0.4535885259807546,1,4.827586206896551,27.27798452186827
single,legacy,line,2026081884,1,0.13508728233178102,1,5.217391304347826,25.253137451270636
single,legacy,line,2026081885,1,0.22553919854253937,1,4.63768115942029,28.898152669833316
single,legacy,line,2026081886,1,0.1051909889059785,1,4.631578947368421,27.099166195246717
single,legacy,line,2026081887,1,0.08836261576188624,1,4.776119402985074,26.76178863224799
single,legacy,line,2026081888,1,0.2089177555405443,1,4.634146341463414,27.72542544555746
single,legacy,line,2026081889,1,0.2792173538400153,1,4.7368421052631575,27.66243788734472
single,legacy,line,2026081890,1,0.003163539211204615,1,4.814814814814815,20.60609933715752
single,legacy,line,2026081891,1,0.1983508880346497,1,4.090909090909091,25.306635882477003
single,legacy,line,2026081892,1,0.40152535226242764,1,3.956043956043956,26.937858120655992
single,legacy,line,2026081893,1,0.4972849290644424,1,4.999999999999999,28.912961896052337
single,legacy,line,2026081894,1,0.09127293876762682,1,5.7,29.146636980617554
single,legacy,line,2026081895,1,0.1669771369057783,1,5.0,27.258441662419276
single,legacy,line,2026081896,1,0.258643816175732,1,4.868421052631579,24.141986307070862
single,legacy,line,2026081897,1,0.2274002905918569,1,4.876033057851239,25.802042879226992
single,legacy,line,2026081898,1,0.03875268782523824,1,5.636363636363637,31.917159520813172
single,legacy,line,2026081899,1,0.22188416336091582,1,4.3478260869565215,26.805652347684237
single,legacy,line,2026081900,1,0.1664342931045282,0,5.125,29.535561206264276
single,legacy,arc,2026181801,0,0.9044328149849511,1,2.8806584362139915,19.32096324255883
single,legacy,arc,2026181802,0,0.946062797506589,1,3.16,21.006919955519532
single,legacy,arc,2026181803,0,0.7335800596859094,1,3.507462686567164,19.63130873183371
single,legacy,arc,2026181804,0,0.8631371544057747,1,2.9439252336448596,18.832314586725428
single,legacy,arc,2026181805,0,0.8584633043207998,1,3.60655737704918,18.24048502458244
single,legacy,arc,2026181806,0,0.6600891660290915,1,3.3760683760683756,20.73742137673099
single,legacy,arc,2026181807,0,1.0071085473409171,1,3.5046728971962615,18.85167149328015
single,legacy,arc,2026181808,1,0.555600195085168,1,4.408602150537634,30.339960018190823
single,legacy,arc,2026181809,0,0.9020541136746157,1,3.263157894736842,18.46868346318278
single,legacy,arc,2026181810,0,1.5095670136483856,1,3.5714285714285716,18.701220878852535
single,legacy,arc,2026181811,0,0.6968012389144573,1,2.964824120603015,18.060770112775916
single,legacy,arc,2026181812,1,0.5633777367335213,1,4.059405940594059,20.473161337964953
single,legacy,arc,2026181813,0,1.4929945758700651,1,3.509933774834437,19.07972126897349
single,legacy,arc,2026181814,1,0.5980727575839733,1,3.8596491228070176,28.290287775140342
single,legacy,arc,2026181815,0,1.0157946580889412,1,3.1794871794871793,19.372372063560658
single,legacy,arc,2026181816,1,0.35359210854178047,1,4.833333333333333,29.140848311026627
single,legacy,arc,2026181817,0,1.1033919444836107,1,3.3852140077821007,20.848100702372424
single,legacy,arc,2026181818,0,0.9540825098686898,1,3.270676691729323,19.84699401064933
single,legacy,arc,2026181819,0,1.4472362593023773,1,4.026845637583892,20.831303269851645
single,legacy,arc,2026181820,0,0.8341625589355877,1,3.432835820895522,18.679340054595905
single,legacy,arc,2026181821,0,0.9161169392336567,1,3.9194139194139193,20.9430814812861
single,legacy,arc,2026181822,0,0.6654649360324272,1,3.230769230769231,16.995349281953988
single,legacy,arc,2026181823,1,0.5872851790655176,1,4.257425742574257,27.095782930392833
single,legacy,arc,2026181824,0,0.908510593410766,1,3.260869565217391,19.89623472977951
single,legacy,arc,2026181825,1,0.5433928275800626,1,5.643564356435642,25.982571528733725
single,legacy,arc,2026181826,0,1.1675416064062079,1,3.5494880546075085,20.548855459478613
single,legacy,arc,2026181827,1,0.3179742436202977,1,4.577464788732394,23.68278892276225
single,legacy,arc,2026181828,0,0.6026363830627699,1,2.3188405797101446,20.511373785763013
single,legacy,arc,2026181829,0,1.107784596831469,1,3.169398907103825,17.66462045466031
single,legacy,arc,2026181830,0,1.1279528699523547,1,3.1726907630522088,20.597214049150395
single,legacy,arc,2026181831,1,0.5431331706549261,1,4.814814814814815,28.53979465683202
single,legacy,arc,2026181832,0,0.7832955776825568,1,3.333333333333333,19.095255825575695
single,legacy,arc,2026181833,0,0.9049476243630288,1,2.7607361963190185,18.790774723625354
single,legacy,arc,2026181834,0,0.69838053807737,1,2.758620689655172,18.090141062426756
single,legacy,arc,2026181835,1,0.40337524113989215,1,4.666666666666667,27.081907423919432
single,legacy,arc,2026181836,1,0.2886580522791881,1,4.374999999999999,27.752605729217567
single,legacy,arc,2026181837,0,0.6356502209890017,1,2.8402366863905324,17.268767932050007
single,legacy,arc,2026181838,0,0.7393725057426016,1,3.2211538461538463,17.774145073174015
single,legacy,arc,2026181839,0,0.6291271026961635,1,3.0,15.89721133064753
single,legacy,arc,2026181840,1,0.4080557459070654,1,4.895833333333333,25.13368586872296
single,legacy,arc,2026181841,0,1.0113559252592965,1,2.872340425531915,17.942105224439022
single,legacy,arc,2026181842,0,1.2566603048672456,1,3.3492822966507174,20.5559546855706
single,legacy,arc,2026181843,1,0.43829458725756676,1,4.653465346534653,25.712827288686707
single,legacy,arc,2026181844,0,1.047393147376217,1,3.829787234042553,21.68915924337391
single,legacy,arc,2026181845,0,0.9280999992543962,1,3.8383838383838382,21.265566047087493
single,legacy,arc,2026181846,0,0.6670276993571271,1,3.0412371134020617,20.522540012111403
single,legacy,arc,2026181847,0,1.1750069384127155,1,4.1454545454545455,22.149224758052902
single,legacy,arc,2026181848,0,1.3775237501394295,1,3.4265734265734262,20.940867130943815
single,legacy,arc,2026181849,0,0.8018468170219399,1,2.8378378378378373,19.567829557203215
single,legacy,arc,2026181850,0,0.637010595365001,1,3.1578947368421053,17.824303784437014
single,legacy,arc,2026181851,0,0.8918447269908301,1,2.4867724867724865,18.08255161235599
single,legacy,arc,2026181852,0,0.7450049034099686,1,3.636363636363636,21.39287830546219
single,legacy,arc,2026181853,0,0.8805592307841731,1,3.050847457627119,17.36176846643737
single,legacy,arc,2026181854,0,1.1236271307026047,1,3.4224598930481283,20.726680426432154
single,legacy,arc,2026181855,1,0.3993098525960293,1,4.343434343434343,26.298431757495358
single,legacy,arc,2026181856,0,0.6987890516414031,1,3.6990595611285264,20.723247974697212
single,legacy,arc,2026181857,0,0.8695460561166191,1,4.099616858237548,22.329460696144704
single,legacy,arc,2026181858,0,1.0276727756988866,1,3.495145631067961,23.018751356284252
single,legacy,arc,2026181859,1,0.4538587542896018,1,4.294871794871795,23.95819402427873
single,legacy,arc,2026181860,0,1.0409814306959764,1,3.485915492957746,21.32146958777836
single,legacy,arc,2026181861,0,0.7112835864904201,1,3.55,21.865212802394982
single,legacy,arc,2026181862,0,0.9889910092957565,1,3.977695167286245,19.826541899703578
single,legacy,arc,2026181863,1,0.5705298237052876,1,4.545454545454545,25.453217077133452
single,legacy,arc,2026181864,0,1.3054557257165376,1,3.5877862595419843,19.521471959661053
single,legacy,arc,2026181865,0,1.2256126787929116,1,3.0522088353413652,17.995855082570596
single,legacy,arc,2026181866,1,0.5901045759137837,1,4.270833333333333,27.406080516215777
single,legacy,arc,2026181867,1,0.3969693306232149,1,4.382022471910112,25.861185544381808
single,legacy,arc,2026181868,0,0.8689335310366052,1,3.64963503649635,21.605766024401632
single,legacy,arc,2026181869,1,0.5186355967151209,1,4.596774193548387,27.640488350575083
single,legacy,arc,2026181870,0,0.7142192215301096,1,3.6594202898550723,21.178987999344518
single,legacy,arc,2026181871,0,0.7242510486645338,1,4.007220216606497,20.469991872602026
single,legacy,arc,2026181872,0,0.6330239187351273,1,4.0,20.019733796564854
single,legacy,arc,2026181873,1,0.27621887550172336,1,5.132743362831858,24.73153829926698
single,legacy,arc,2026181874,1,0.5425732946276425,0,4.6835443037974684,25.40223475003053
single,legacy,arc,2026181875,0,1.0787311058092246,1,3.2170542635658914,17.995130281293317
single,legacy,arc,2026181876,0,0.9096697230779234,1,3.5380116959064325,24.726061396245328
single,legacy,arc,2026181877,1,0.5095954929199343,1,4.0,24.520528710617427
single,legacy,arc,2026181878,0,0.8400560453617455,1,3.7185929648241203,19.298704457162504
single,legacy,arc,2026181879,1,0.33084989499233974,1,4.395604395604396,28.108674283937074
single,legacy,arc,2026181880,0,0.8243562633998883,1,3.169398907103825,16.75918097615197
single,legacy,arc,2026181881,0,1.1426843829393993,1,3.7586206896551726,20.927541274050775
single,legacy,arc,2026181882,1,0.44764759621493205,1,5.188679245283018,26.850690515700066
single,legacy,arc,2026181883,0,0.7018122627776686,1,2.9130434782608696,20.624063464450156
single,legacy,arc,2026181884,0,1.068597777285058,1,3.92,19.86114099674949
single,legacy,arc,2026181885,0,0.7154971940622,1,2.972972972972973,17.092165130221385
single,legacy,arc,2026181886,0,1.529162105129309,1,3.837638376383764,21.96306740451727
single,legacy,arc,2026181887,0,0.6290657640990859,1,3.295454545454545,21.278935867787023
single,legacy,arc,2026181888,1,0.5527247450097235,1,4.545454545454545,26.11171344306534
single,legacy,arc,2026181889,0,0.6062448531886729,1,3.3617021276595747,20.158568645897518
single,legacy,arc,2026181890,1,0.5548899529759437,1,4.525547445255474,28.443207698827013
single,legacy,arc,2026181891,0,1.57155043662168,1,3.082706766917293,21.09751093609622
single,legacy,arc,2026181892,0,0.7510438067253556,1,3.5,18.846054480619955
single,legacy,arc,2026181893,1,0.5903398138264078,1,3.7974683544303796,22.940781226669095
single,legacy,arc,2026181894,0,0.760611386445512,1,3.3333333333333335,20.880760926324633
single,legacy,arc,2026181895,1,0.46855217043033265,1,4.358974358974359,27.20180918507571
single,legacy,arc,2026181896,0,0.9493730358963323,1,2.924901185770751,18.631985239569136
single,legacy,arc,2026181897,1,0.44980412188366425,1,4.125,24.621420569802556
single,legacy,arc,2026181898,1,0.2759652790899058,1,5.280898876404494,26.525703444693647
single,legacy,arc,2026181899,0,1.0898769557401105,1,3.623853211009174,23.165571510192382
single,legacy,arc,2026181900,1,0.3120108070439136,1,4.285714285714286,29.98608055354685
single,legacy,multi_sine,2026281801,0,5.604321097047173,1,3.1466666666666665,21.440228257984216
single,legacy,multi_sine,2026281802,0,6.91763025667972,1,3.2782369146005506,22.938142477018232
single,legacy,multi_sine,2026281803,0,8.168704308909021,1,3.746630727762803,21.458418034784554
single,legacy,multi_sine,2026281804,0,1.4711660820951677,1,3.404255319148936,21.702341577134046
single,legacy,multi_sine,2026281805,0,5.071383959597796,1,2.589285714285714,18.624680643376553
single,legacy,multi_sine,2026281806,0,2.6472391180820813,1,3.085714285714286,17.843538833178187
single,legacy,multi_sine,2026281807,0,5.787606564978379,1,2.4081632653061225,18.54976934065373
single,legacy,multi_sine,2026281808,0,1.5613859302886959,1,1.8452380952380951,15.746392773380933
single,legacy,multi_sine,2026281809,0,1.178586032343748,1,2.4260355029585794,17.19835950140247
single,legacy,multi_sine,2026281810,0,3.254852167199398,1,3.715846994535519,16.462568783611108
single,legacy,multi_sine,2026281811,0,3.2366089105632683,1,2.4999999999999996,17.84108265403992
single,legacy,multi_sine,2026281812,0,4.2487507509170594,1,2.580645161290322,16.887254820804536
single,legacy,multi_sine,2026281813,0,7.840032364864539,1,3.0278884462151394,19.88853647127381
single,legacy,multi_sine,2026281814,0,4.866497769069884,1,2.3943661971830985,15.105971803329302
single,legacy,multi_sine,2026281815,0,1.4984180345781821,1,2.9396325459317585,21.03887077541345
single,legacy,multi_sine,2026281816,0,4.231750353500669,1,2.758620689655172,15.870809760865694
single,legacy,multi_sine,2026281817,0,3.0793567583267816,1,1.8918918918918919,17.41302900393976
single,legacy,multi_sine,2026281818,0,5.66371692850048,1,3.287671232876712,17.508892139032046
single,legacy,multi_sine,2026281819,0,7.258076282398345,1,3.29700272479564,20.928186428018876
single,legacy,multi_sine,2026281820,0,4.483366501408819,1,3.004291845493562,17.640842214129897
single,legacy,multi_sine,2026281821,0,4.212452747741564,1,2.1962616822429903,20.545046533493046
single,legacy,multi_sine,2026281822,0,6.926384491971281,1,2.4892703862660945,18.945275652143216
single,legacy,multi_sine,2026281823,0,9.102408854615959,1,3.629032258064516,22.380646253349237
single,legacy,multi_sine,2026281824,0,2.2396430150662683,1,2.9,20.23738392245393
single,legacy,multi_sine,2026281825,0,2.68695078840136,1,2.3369565217391304,17.756531853611378
single,legacy,multi_sine,2026281826,0,3.783288965644734,1,3.125,17.72149170602204
single,legacy,multi_sine,2026281827,0,3.0698098020066005,1,1.793478260869565,15.634633098033088
single,legacy,multi_sine,2026281828,0,5.810339683700284,1,3.111111111111111,17.038269777902933
single,legacy,multi_sine,2026281829,0,5.2234790112245,1,2.261904761904762,19.317141314629907
single,legacy,multi_sine,2026281830,0,1.5859249159323487,1,2.88135593220339,16.090553030864346
single,legacy,multi_sine,2026281831,0,4.46599144748761,1,2.5,17.923554255151707
single,legacy,multi_sine,2026281832,0,3.4736851378181823,1,2.983870967741935,20.299957368827407
single,legacy,multi_sine,2026281833,0,9.020601297290177,1,3.9622641509433962,21.726657175288363
single,legacy,multi_sine,2026281834,0,2.7543517745550914,1,2.417582417582418,18.19572222603615
single,legacy,multi_sine,2026281835,0,1.7256249322857424,1,2.4550898203592815,15.719860575116746
single,legacy,multi_sine,2026281836,0,2.861372957116459,1,2.3333333333333335,18.17564442989296
single,legacy,multi_sine,2026281837,0,3.528248581090347,1,2.397959183673469,18.444996163352002
single,legacy,multi_sine,2026281838,0,5.971033157984984,1,2.9918032786885242,19.252460103585346
single,legacy,multi_sine,2026281839,0,3.6943831953992805,1,2.6881720430107525,20.042823963871907
single,legacy,multi_sine,2026281840,0,2.1343202292921957,1,2.3157894736842106,16.535759184658012
single,legacy,multi_sine,2026281841,0,3.4936168438852877,1,2.8378378378378373,19.686162831597276
single,legacy,multi_sine,2026281842,0,6.439753342874516,1,3.3243967828418226,22.31658139072597
single,legacy,multi_sine,2026281843,0,4.462460693016446,1,2.736842105263158,16.824910589284528
single,legacy,multi_sine,2026281844,0,3.891140448785721,1,1.8779342723004695,17.823981680446202
single,legacy,multi_sine,2026281845,0,9.024873255227675,1,3.4139784946236555,22.73431076754023
single,legacy,multi_sine,2026281846,0,3.031805679220227,1,2.611111111111111,18.364356270772756
single,legacy,multi_sine,2026281847,0,3.8100257169963783,1,3.2180851063829787,23.76143605345505
single,legacy,multi_sine,2026281848,1,0.36445270501962523,1,3.051643192488263,22.229180037633824
single,legacy,multi_sine,2026281849,0,1.4747695930589952,1,3.1780821917808217,19.270343910520612
single,legacy,multi_sine,2026281850,0,4.499429530026038,1,2.549800796812749,20.23088819405439
single,legacy,multi_sine,2026281851,0,4.024297456357895,1,2.5352112676056335,17.75567240435781
single,legacy,multi_sine,2026281852,0,9.422463790861439,1,2.531645569620253,18.76836689439752
single,legacy,multi_sine,2026281853,0,3.0135761398606906,1,2.6704545454545454,17.032594997571554
single,legacy,multi_sine,2026281854,0,3.9195050686083213,1,3.0622009569377986,16.703454410258537
single,legacy,multi_sine,2026281855,0,2.81084662125901,1,2.6666666666666665,20.170181410715056
single,legacy,multi_sine,2026281856,1,0.15047008856850932,1,3.2,22.32793434306133
single,legacy,multi_sine,2026281857,0,5.900749782105818,1,3.217158176943699,22.403732519642872
single,legacy,multi_sine,2026281858,0,3.971283037441632,1,1.9815668202764973,17.34111838518637
single,legacy,multi_sine,2026281859,0,5.771120868497171,1,2.7705627705627704,18.08061112127683
single,legacy,multi_sine,2026281860,0,6.566058382770386,1,3.1726907630522088,18.388572407061755
single,legacy,multi_sine,2026281861,0,4.097468111807247,1,2.5257731958762886,18.519971797322725
single,legacy,multi_sine,2026281862,0,2.8806402997568745,1,2.303370786516854,17.03362023234305
single,legacy,multi_sine,2026281863,0,6.039042730492065,1,2.4663677130044843,17.579854554608932
single,legacy,multi_sine,2026281864,0,2.749109870262687,1,3.2705882352941176,22.03503820299358
single,legacy,multi_sine,2026281865,0,6.654812966048097,1,3.264462809917355,19.646290018310015
single,legacy,multi_sine,2026281866,0,4.59094245596069,1,2.288557213930348,17.85416228228189
single,legacy,multi_sine,2026281867,0,2.2719236060540235,1,2.6857142857142855,17.68637873438763
single,legacy,multi_sine,2026281868,0,3.305523430551658,1,2.947103274559194,21.470330001887305
single,legacy,multi_sine,2026281869,0,3.6563605250699407,1,2.0689655172413794,18.124291629023496
single,legacy,multi_sine,2026281870,0,8.92233358258494,1,2.996108949416342,18.540700681164243
single,legacy,multi_sine,2026281871,0,0.9931599257760311,1,3.156424581005586,19.296619622498188
single,legacy,multi_sine,2026281872,0,6.528658837248963,1,2.4066390041493775,16.103501229480113
single,legacy,multi_sine,2026281873,0,1.0028345002803314,1,2.958199356913183,21.85796198999521
single,legacy,multi_sine,2026281874,0,0.9994587881310164,1,3.1593406593406597,17.794696164672395
single,legacy,multi_sine,2026281875,0,2.757669132257621,1,3.045822102425876,20.342338880523734
single,legacy,multi_sine,2026281876,0,1.446278390293362,1,3.002680965147453,20.433430769870846
single,legacy,multi_sine,2026281877,0,3.073456453884597,1,2.641509433962264,17.343363070311327
single,legacy,multi_sine,2026281878,0,5.411436326476852,1,2.6666666666666665,17.759916183678275
single,legacy,multi_sine,2026281879,0,2.3618679678157317,1,2.0338983050847457,15.614101709099936
single,legacy,multi_sine,2026281880,0,6.720010289158169,1,3.494623655913978,21.702552825473642
single,legacy,multi_sine,2026281881,0,1.5528360857854184,1,3.4782608695652173,22.338002024643984
single,legacy,multi_sine,2026281882,0,5.389195368072635,1,2.3643410852713176,19.408088636669568
single,legacy,multi_sine,2026281883,0,4.426430845950137,1,2.4,21.674550075337095
single,legacy,multi_sine,2026281884,0,7.17328414722569,1,3.087431693989071,21.467168195731738
single,legacy,multi_sine,2026281885,0,4.6841276390493265,1,3.16017316017316,19.33394464914647
single,legacy,multi_sine,2026281886,0,3.6165900275954406,1,2.1808510638297873,15.894336520445268
single,legacy,multi_sine,2026281887,0,2.6411455691738306,1,1.761658031088083,16.26139853211553
single,legacy,multi_sine,2026281888,0,7.930675311713208,1,3.1967213114754096,20.786697628117405
single,legacy,multi_sine,2026281889,0,8.811719217148966,1,3.5616438356164384,22.11606533507649
single,legacy,multi_sine,2026281890,0,2.397291389001254,1,2.914285714285714,17.8645849214466
single,legacy,multi_sine,2026281891,0,5.332966523170761,1,2.925764192139738,18.406216885791295
single,legacy,multi_sine,2026281892,0,8.723261751078727,1,3.3333333333333335,20.68042274818529
single,legacy,multi_sine,2026281893,0,4.1980240221971,1,2.5128205128205128,18.638869492982924
single,legacy,multi_sine,2026281894,0,7.2708079162116475,1,3.3514986376021794,20.6897114508485
single,legacy,multi_sine,2026281895,0,1.2611352813631687,1,3.15625,21.492315750112798
single,legacy,multi_sine,2026281896,0,5.7825081366614475,1,2.9361702127659575,17.64573281140096
single,legacy,multi_sine,2026281897,0,4.364014638553006,1,3.089430894308943,20.04222470153656
single,legacy,multi_sine,2026281898,0,6.538979992934836,1,3.054054054054054,19.825605367218255
single,legacy,multi_sine,2026281899,0,6.578695292553876,1,2.5306122448979593,17.679803943723748
single,legacy,multi_sine,2026281900,0,3.4623977700771524,1,2.935323383084577,19.04920474002185
single,legacy,jink,2026381801,1,0.23446868988830794,1,3.9166666666666665,22.4632998992839
single,legacy,jink,2026381802,0,1.2612832340014555,1,2.8378378378378373,20.797872170450216
single,legacy,jink,2026381803,0,0.7586283153322101,1,3.1270903010033444,21.526759061445098
single,legacy,jink,2026381804,1,0.24524247619010225,1,3.9895013123359577,22.51896788495637
single,legacy,jink,2026381805,0,0.946234750079485,1,3.339100346020761,19.396286017779552
single,legacy,jink,2026381806,1,0.43669018228091877,1,3.9784946236559136,26.337643896522337
single,legacy,jink,2026381807,0,0.6400740349353258,1,2.835249042145594,20.53675608693549
single,legacy,jink,2026381808,0,0.6949775193922028,1,2.513227513227513,19.273729178231655
single,legacy,jink,2026381809,0,0.6395647321422367,1,3.65684575389948,19.637945752739387
single,legacy,jink,2026381810,0,1.2599134938744403,1,2.773109243697479,18.93441898317519
single,legacy,jink,2026381811,0,1.5996312580360386,1,2.8027681660899653,20.08020272965063
single,legacy,jink,2026381812,0,1.2793801422732778,1,2.34256926952141,20.43305961191394
single,legacy,jink,2026381813,0,1.1648870213602829,1,2.9327902240325865,19.957819401998393
single,legacy,jink,2026381814,0,0.939379538480541,1,2.7474747474747474,20.427453449972163
single,legacy,jink,2026381815,1,0.5557632912254665,1,4.059405940594059,25.886211238147155
single,legacy,jink,2026381816,0,0.9620224680387723,1,3.333333333333333,21.007183129678882
single,legacy,jink,2026381817,1,0.3071469182948057,1,3.0973451327433628,22.409996880935523
single,legacy,jink,2026381818,0,0.7323718330660107,1,3.5866261398176293,21.19857991730861
single,legacy,jink,2026381819,0,0.8884218433431003,1,3.3682008368200833,19.749082371405297
single,legacy,jink,2026381820,0,1.1276762015591677,1,2.9850746268656714,20.14309682174805
single,legacy,jink,2026381821,1,0.20593471715890388,1,4.552238805970149,25.271759414120776
single,legacy,jink,2026381822,1,0.5678451008492745,1,3.9285714285714284,25.728094507638193
single,legacy,jink,2026381823,0,1.2698050843229525,1,3.68515205724508,20.783087384802815
single,legacy,jink,2026381824,0,1.1548218484892159,1,3.44311377245509,22.65497805207989
single,legacy,jink,2026381825,0,0.621464611804595,1,3.13953488372093,21.042672836701644
single,legacy,jink,2026381826,1,0.4835138257941679,1,4.137931034482758,27.16360830963409
single,legacy,jink,2026381827,1,0.36037674372151957,1,4.567901234567901,29.918525806263652
single,legacy,jink,2026381828,0,1.1487239181560844,1,3.123844731977819,20.407329926207222
single,legacy,jink,2026381829,0,0.6956640102146977,1,3.3796296296296293,21.548097432104107
single,legacy,jink,2026381830,1,0.5377696817404268,1,4.711538461538462,27.55040106391162
single,legacy,jink,2026381831,0,0.6206443866426606,1,3.1094049904030707,19.585939570233272
single,legacy,jink,2026381832,0,0.805706776647535,1,2.8455284552845526,20.504579098262514
single,legacy,jink,2026381833,0,1.1802841991099167,1,2.6443202979515825,21.09490016093116
single,legacy,jink,2026381834,0,0.9340307839545686,1,3.5627530364372464,21.42265864995028
single,legacy,jink,2026381835,0,1.5724427116398907,1,2.992700729927007,17.153276227020022
single,legacy,jink,2026381836,0,1.7221128148418625,1,2.997601918465228,18.34822545778715
single,legacy,jink,2026381837,0,1.0077919291755468,1,3.3207547169811322,21.621343348219643
single,legacy,jink,2026381838,0,1.3685721045472672,1,2.882703777335984,18.440795720439905
single,legacy,jink,2026381839,1,0.5723281759809679,1,4.3181818181818175,27.43249149914464
single,legacy,jink,2026381840,1,0.30302411596830375,1,3.122923588039867,20.23302193207893
single,legacy,jink,2026381841,0,0.984268459420536,1,2.4620573355817874,21.821592698734445
single,legacy,jink,2026381842,1,0.5148942035098402,1,3.5888501742160277,21.164065107015766
single,legacy,jink,2026381843,0,0.8838160424079593,1,2.848948374760994,19.35602545600638
single,legacy,jink,2026381844,1,0.38129297060810197,1,3.6214953271028034,23.358395788103422
single,legacy,jink,2026381845,0,1.43563654378063,1,3.1320754716981134,22.93627185281575
single,legacy,jink,2026381846,1,0.3764628898777321,1,4.903225806451613,21.65770646658806
single,legacy,jink,2026381847,0,1.1769301673219792,1,3.032258064516129,19.28798143239712
single,legacy,jink,2026381848,1,0.24781707655583937,1,3.975903614457831,24.92547531844906
single,legacy,jink,2026381849,1,0.5253668367547074,1,4.959349593495935,31.323084481837196
single,legacy,jink,2026381850,0,0.7925338327816323,1,3.3680555555555554,19.12935466659322
single,legacy,jink,2026381851,1,0.14628686769494714,1,2.9225352112676055,22.8775878645337
single,legacy,jink,2026381852,0,0.9734971125585813,1,2.967741935483871,16.81618773982291
single,legacy,jink,2026381853,0,2.1050699265825976,1,3.2928942807625647,17.53828797187001
single,legacy,jink,2026381854,1,0.249654847652896,1,4.214876033057851,23.623570706617006
single,legacy,jink,2026381855,0,1.6855535931238201,1,3.186046511627907,22.890812976857013
single,legacy,jink,2026381856,1,0.3631823360911048,1,2.9970326409495547,21.20707006801056
single,legacy,jink,2026381857,0,1.47092599649327,1,3.598615916955017,19.27662684017242
single,legacy,jink,2026381858,1,0.364496622935379,1,5.445544554455445,26.351952532998762
single,legacy,jink,2026381859,0,0.9364379028522886,1,3.192982456140351,22.30952299402226
single,legacy,jink,2026381860,0,0.7720991580891682,1,3.1818181818181817,24.144066534566477
single,legacy,jink,2026381861,0,1.0635493179410975,1,3.4142114384748696,20.229285608006766
single,legacy,jink,2026381862,0,1.0502892787557983,1,3.183962264150943,18.418835411612925
single,legacy,jink,2026381863,0,0.6739127955098715,1,2.727272727272727,20.265697833941502
single,legacy,jink,2026381864,0,1.1025404935833694,1,2.949790794979079,19.76603365984246
single,legacy,jink,2026381865,0,2.2445498094046235,1,3.786407766990291,22.322877378397248
single,legacy,jink,2026381866,0,1.0793306102427769,1,3.6807817589576546,21.00727873860138
single,legacy,jink,2026381867,0,1.3263412393522787,1,3.378839590443686,19.826488730804083
single,legacy,jink,2026381868,0,1.8855111548298134,1,3.4825870646766166,18.242102404255185
single,legacy,jink,2026381869,0,1.9209669920258128,1,3.076923076923077,15.324912195340197
single,legacy,jink,2026381870,1,0.1689378521625489,1,4.868421052631579,26.771542643536748
single,legacy,jink,2026381871,0,1.592024186827105,1,2.567901234567901,18.67411018246881
single,legacy,jink,2026381872,0,0.7416256202560072,1,3.2563025210084033,19.24644513376166
single,legacy,jink,2026381873,1,0.1056787438196195,1,4.2105263157894735,24.86928333600653
single,legacy,jink,2026381874,1,0.2547606671201927,1,4.3678160919540225,27.935035986052867
single,legacy,jink,2026381875,1,0.12416405777512549,1,4.215686274509803,27.16862555947212
single,legacy,jink,2026381876,0,1.4080679519310553,1,2.4468085106382977,20.0576919912052
single,legacy,jink,2026381877,1,0.40652989498347186,1,3.7209302325581395,23.76585285276388
single,legacy,jink,2026381878,1,0.42381146606591674,1,3.9047619047619047,22.89903316388642
single,legacy,jink,2026381879,0,1.0926885239338495,1,3.505747126436781,23.798617141282236
single,legacy,jink,2026381880,0,1.671518836849371,1,2.9665071770334923,16.975910771791092
single,legacy,jink,2026381881,0,0.7103456335098967,1,3.176470588235294,18.385823878519474
single,legacy,jink,2026381882,0,0.718165547268628,1,2.6644182124789206,18.448989756488142
single,legacy,jink,2026381883,0,0.6219499172435422,1,1.9148936170212765,18.319580649215997
single,legacy,jink,2026381884,1,0.5361693069380613,1,4.308943089430894,26.22595581875251
single,legacy,jink,2026381885,0,0.6550387793621076,1,2.9508196721311477,18.790050487333396
single,legacy,jink,2026381886,0,1.2220353402521902,1,3.359375,20.598428375079926
single,legacy,jink,2026381887,1,0.3045752311943534,1,3.6781609195402294,22.252621579810878
single,legacy,jink,2026381888,0,0.6752433770930146,1,3.0,24.21569440673304
single,legacy,jink,2026381889,1,0.39888425227098256,1,5.066666666666666,29.630688581347364
single,legacy,jink,2026381890,0,0.6771749696014706,1,3.1264367816091956,19.940261569872714
single,legacy,jink,2026381891,1,0.4626432127774845,1,4.25287356321839,28.248850903736155
single,legacy,jink,2026381892,0,1.1672835113602285,1,3.2802547770700636,23.14330109033099
single,legacy,jink,2026381893,1,0.09165789967793529,1,3.25,22.026007168894505
single,legacy,jink,2026381894,0,0.7974653098458205,1,3.3271719038817005,23.830512067919187
single,legacy,jink,2026381895,0,1.9849224000561692,1,3.627450980392157,21.622911651451652
single,legacy,jink,2026381896,0,0.6641809341182077,1,3.618677042801556,18.72170909046214
single,legacy,jink,2026381897,0,0.7590174479784414,1,2.940074906367041,19.72543071545775
single,legacy,jink,2026381898,0,1.025739202927018,1,3.6,20.84264468776927
single,legacy,jink,2026381899,1,0.34790792573383617,1,2.772277227722772,20.222660897632352
single,legacy,jink,2026381900,0,0.8302748404830942,1,3.078556263269639,20.095122278648905
single,stable,line,2026081801,1,0.16305373942535084,1,0.4081632653061224,1.1169043496835904
single,stable,line,2026081802,1,0.586591361086096,0,0.1923076923076923,1.813512207572065
single,stable,line,2026081803,0,0.6217429888721299,0,0.26022304832713755,1.4828969438726505
single,stable,line,2026081804,1,0.19434041314262318,0,0.1941747572815534,1.6416413662669267
single,stable,line,2026081805,1,0.2875288426881222,1,0.588235294117647,2.1834400082646277
single,stable,line,2026081806,1,0.2766390396649907,0,0.3658536585365853,1.794241177789013
single,stable,line,2026081807,1,0.4510303812763851,0,0.07246376811594203,1.0960875600870716
single,stable,line,2026081808,1,0.17324627253663197,0,0.2777777777777778,1.1315843229682276
single,stable,line,2026081809,1,0.3590047416705222,0,0.37383177570093457,1.3899457719639394
single,stable,line,2026081810,1,0.4569513640244291,0,0.14705882352941174,1.6634816574234033
single,stable,line,2026081811,1,0.17784620379260904,0,0.2222222222222222,1.500230829011813
single,stable,line,2026081812,1,0.31943879877571,0,0.34188034188034183,2.3460484727198416
single,stable,line,2026081813,1,0.5119976863474451,0,0.2222222222222222,1.617315823419777
single,stable,line,2026081814,1,0.33115630666966267,0,0.09433962264150943,2.314132409721052
single,stable,line,2026081815,1,0.45529697582496653,1,0.6818181818181818,2.566261390887923
single,stable,line,2026081816,1,0.32331981956718686,0,0.37974683544303794,2.4617093939528782
single,stable,line,2026081817,1,0.3328381350467752,0,0.3092783505154639,1.9614324269021262
single,stable,line,2026081818,1,0.5427543654673718,0,0.17391304347826086,2.1018728063976178
single,stable,line,2026081819,1,0.4105969372279519,0,0.10309278350515463,2.2640910905787064
single,stable,line,2026081820,1,0.08426039559675923,0,0.14705882352941174,0.4390701179487278
single,stable,line,2026081821,0,0.6472254714836122,0,0.21551724137931033,2.027934570239991
single,stable,line,2026081822,1,0.07043321237526581,0,0.1342281879194631,1.0519368267376241
single,stable,line,2026081823,1,0.4592820706328304,0,0.3846153846153846,2.3120336459471837
single,stable,line,2026081824,1,0.552274992982627,0,0.0,1.6555621623940953
single,stable,line,2026081825,1,0.5469385611813721,0,0.2941176470588235,1.5879621888173236
single,stable,line,2026081826,1,0.12370360011864091,0,0.2631578947368421,0.9988108155746376
single,stable,line,2026081827,1,0.5370456444897171,0,0.0,2.27948750130176
single,stable,line,2026081828,1,0.5524080601777597,1,0.4081632653061224,1.7724540274479164
single,stable,line,2026081829,1,0.42682207601360017,0,0.2586206896551724,1.6156682221108079
single,stable,line,2026081830,1,0.46947660617664727,0,0.29702970297029696,0.7595222953159702
single,stable,line,2026081831,1,0.28125634661920873,0,0.3603603603603603,1.7530448159466314
single,stable,line,2026081832,1,0.5135073446790835,0,0.2531645569620253,1.7663416069499707
single,stable,line,2026081833,1,0.21198565195065083,0,0.2040816326530612,0.5979146329634175
single,stable,line,2026081834,1,0.2080581864057284,0,0.3260869565217391,1.4403030818271993
single,stable,line,2026081835,1,0.45046000682559373,1,0.704225352112676,2.3525739456183845
single,stable,line,2026081836,0,0.6099007317346865,0,0.16042780748663102,2.2221933870998853
single,stable,line,2026081837,1,0.09727271886802605,0,0.2857142857142857,0.8184046069749233
single,stable,line,2026081838,1,0.3645531553458135,0,0.10416666666666666,1.2230833582397096
single,stable,line,2026081839,1,0.2225562937180313,0,0.2127659574468085,0.7843797485431356
single,stable,line,2026081840,1,0.13089752621379602,0,0.3472222222222222,1.204854071154087
single,stable,line,2026081841,1,0.22693905483894586,0,0.1,1.3421789020926316
single,stable,line,2026081842,1,0.1867564174288676,0,0.09615384615384615,1.2351539046338575
single,stable,line,2026081843,1,0.26989021105018907,0,0.23255813953488372,1.6023828600258212
single,stable,line,2026081844,1,0.07336311326795704,0,0.08064516129032258,0.5976049145980998
single,stable,line,2026081845,1,0.3048802634891223,0,0.2857142857142857,1.0667718505916746
single,stable,line,2026081846,1,0.3431703779291383,0,0.2941176470588235,1.5498400723624994
single,stable,line,2026081847,1,0.0847912943574855,0,0.3448275862068965,1.5876475630677347
single,stable,line,2026081848,1,0.570677968118055,0,0.19047619047619047,1.5187328390246515
single,stable,line,2026081849,1,0.5013918388020078,1,0.41237113402061853,1.7759876929511766
single,stable,line,2026081850,1,0.46704041030526167,1,0.495049504950495,1.6724775102474754
single,stable,line,2026081851,1,0.47417630837994834,0,0.1020408163265306,1.5310350861969804
single,stable,line,2026081852,1,0.2880499872038585,0,0.17699115044247787,1.7275990679646345
single,stable,line,2026081853,1,0.44300658062412723,0,0.09259259259259259,1.647280931031863
single,stable,line,2026081854,1,0.2053317833797204,0,0.19047619047619047,0.9772526885972666
single,stable,line,2026081855,1,0.3076482474801354,0,0.14705882352941174,1.4092717306104314
single,stable,line,2026081856,1,0.2892113898545333,0,0.12048192771084336,1.9844599526064066
single,stable,line,2026081857,1,0.17848427987689353,0,0.3409090909090909,0.8194963215589685
single,stable,line,2026081858,1,0.44356628177553126,1,0.4081632653061224,1.958888274136063
single,stable,line,2026081859,1,0.15885000027175633,0,0.3311258278145695,0.9083887997443495
single,stable,line,2026081860,1,0.08672119821293732,0,0.198019801980198,1.3478763566947756
single,stable,line,2026081861,1,0.3547775471788562,1,0.5494505494505495,2.39463464313949
single,stable,line,2026081862,1,0.055617604402663286,0,0.14705882352941174,0.4822993005553448
single,stable,line,2026081863,1,0.3434319645344379,1,0.4918032786885245,1.6378766150779678
single,stable,line,2026081864,1,0.138481241698318,0,0.3947368421052631,2.1325371245905766
single,stable,line,2026081865,1,0.033086527286937534,0,0.2222222222222222,1.8279667385809784
single,stable,line,2026081866,1,0.38749537508386106,0,0.1694915254237288,1.5041864469199329
single,stable,line,2026081867,1,0.12323035336956409,0,0.3061224489795918,1.2929520013406517
single,stable,line,2026081868,1,0.10073269274613396,0,0.18867924528301885,0.6069214003986892
single,stable,line,2026081869,1,0.3919384629162485,0,0.2586206896551724,1.4964717977067057
single,stable,line,2026081870,1,0.4786837705001875,0,0.25210084033613445,1.7230279484092101
single,stable,line,2026081871,0,0.7663722209487271,0,0.08695652173913043,1.6159268508891238
single,stable,line,2026081872,1,0.1963574452007282,0,0.2941176470588235,1.7253365702599086
single,stable,line,2026081873,1,0.5493612562435081,1,0.5102040816326531,1.741578395315922
single,stable,line,2026081874,1,0.3783758298855404,0,0.18867924528301885,1.9059845288412767
single,stable,line,2026081875,1,0.5819458908506058,0,0.0970873786407767,1.5551583718424613
single,stable,line,2026081876,1,0.3491570434017521,0,0.2631578947368421,2.3439596201128388
single,stable,line,2026081877,0,0.7960549000804774,0,0.0641025641025641,2.8383912410161902
single,stable,line,2026081878,1,0.5724297368982174,0,0.3773584905660377,1.788360115747329
single,stable,line,2026081879,1,0.25452337710252504,0,0.2912621359223301,1.8670435199634556
single,stable,line,2026081880,1,0.52957580029828,0,0.28846153846153844,1.3663483037229627
single,stable,line,2026081881,1,0.5185661826891845,1,0.6122448979591836,1.9252921879122553
single,stable,line,2026081882,1,0.4069237020470688,0,0.11904761904761904,1.5683707177408264
single,stable,line,2026081883,1,0.5177866287517117,0,0.22988505747126434,1.7454769987997325
single,stable,line,2026081884,1,0.5722344896001866,0,0.08695652173913043,1.3662495434383437
single,stable,line,2026081885,1,0.40425938487801855,0,0.2941176470588235,3.0770300850778796
single,stable,line,2026081886,1,0.10823917182746572,1,0.425531914893617,1.198968982884737
single,stable,line,2026081887,1,0.3936173764327584,0,0.14925373134328357,1.7481927573628078
single,stable,line,2026081888,1,0.3439131554393693,0,0.2439024390243902,1.8964925942386621
single,stable,line,2026081889,1,0.37168130172136465,0,0.2597402597402597,2.9298753316930672
single,stable,line,2026081890,1,0.18050156759453492,0,0.24844720496894407,0.4536213756339847
single,stable,line,2026081891,1,0.5656062962030044,0,0.303030303030303,2.368805391211644
single,stable,line,2026081892,1,0.5607869060648967,0,0.32967032967032966,1.4969004767267124
single,stable,line,2026081893,1,0.4104691585278727,0,0.17699115044247787,1.963122610990903
single,stable,line,2026081894,1,0.10158961401989097,0,0.2,1.1302608067926176
single,stable,line,2026081895,0,0.6872421663169426,0,0.056179775280898875,2.2288379400708056
single,stable,line,2026081896,1,0.09937170910379096,0,0.2597402597402597,1.5429091383121352
single,stable,line,2026081897,1,0.13705836462040377,0,0.24590163934426226,1.6082657929811919
single,stable,line,2026081898,1,0.12106221232981083,0,0.27522935779816515,0.5980830897191938
single,stable,line,2026081899,0,0.7920346222452853,0,0.1875,2.6000394861411205
single,stable,line,2026081900,1,0.24993120731868093,0,0.125,1.4550023404198342
single,stable,arc,2026181801,0,0.8317001669470938,1,0.45267489711934156,2.4029659571316944
single,stable,arc,2026181802,1,0.14535426348021174,1,0.7368421052631579,2.899601299343765
single,stable,arc,2026181803,1,0.5838850749039222,1,0.9285714285714286,1.8460783625908057
single,stable,arc,2026181804,1,0.4786735205393603,1,0.5555555555555556,2.8058152778344154
single,stable,arc,2026181805,0,0.9344679388128563,0,0.32786885245901637,2.04450821872755
single,stable,arc,2026181806,0,0.9021213892552536,1,0.42735042735042733,2.531587275415622
single,stable,arc,2026181807,1,0.5979950042292028,1,0.7777777777777778,3.2232005501567724
single,stable,arc,2026181808,1,0.38470497506269424,1,0.9677419354838709,3.2068722974934762
single,stable,arc,2026181809,1,0.5562567038300081,1,0.5063291139240506,2.6424828499562545
single,stable,arc,2026181810,0,1.300958076180676,0,0.3333333333333333,2.471033783072598
single,stable,arc,2026181811,0,1.1536945579918825,0,0.3517587939698492,2.5488790882636168
single,stable,arc,2026181812,0,0.6110977752821853,1,0.5102040816326531,2.518861221623784
single,stable,arc,2026181813,0,1.5205975334710502,1,0.49668874172185423,1.973096740510438
single,stable,arc,2026181814,0,0.715788339916624,0,0.3629032258064516,2.4848513191086443
single,stable,arc,2026181815,1,0.5740859712553115,1,0.6097560975609755,3.5048378451762128
single,stable,arc,2026181816,1,0.511079721542091,1,0.75,2.4574790668715156
single,stable,arc,2026181817,0,1.4862625753072645,0,0.3891050583657587,2.148468216195735
single,stable,arc,2026181818,0,1.2485772662463572,1,0.48872180451127817,2.3191738177819863
single,stable,arc,2026181819,0,0.7120658631294964,0,0.36912751677852346,2.34698217873137
single,stable,arc,2026181820,0,0.7896255329930677,0,0.34825870646766166,2.752597269596234
single,stable,arc,2026181821,0,0.9402178621650495,1,0.47619047619047616,2.4144811174484766
single,stable,arc,2026181822,0,1.121208345706526,1,0.41025641025641024,2.529467941903313
single,stable,arc,2026181823,0,1.1628911947731042,1,0.6639004149377593,2.649969953231769
single,stable,arc,2026181824,1,0.5142624980366388,1,0.6944444444444444,1.9192462472971932
single,stable,arc,2026181825,1,0.5473745510578825,1,0.784313725490196,3.2015652330363458
single,stable,arc,2026181826,0,1.2367057925167317,1,0.4778156996587031,2.1901071055618297
single,stable,arc,2026181827,1,0.17934506750833742,1,0.5633802816901408,2.1640764338449245
single,stable,arc,2026181828,0,0.9187047555446138,1,0.4347826086956521,3.5771565807558554
single,stable,arc,2026181829,1,0.3940814623845234,1,0.5263157894736842,2.8573012109659017
single,stable,arc,2026181830,0,1.749649617186169,1,0.5220883534136546,3.0442940056230063
single,stable,arc,2026181831,0,1.107080204016483,0,0.3515625,2.118283018629442
single,stable,arc,2026181832,0,1.2189457649991509,1,0.4678362573099415,2.278286325182987
single,stable,arc,2026181833,1,0.4679312592538736,1,0.9090909090909091,2.6521250994307617
single,stable,arc,2026181834,0,1.0739892899695773,1,0.44334975369458124,2.1341366701271856
single,stable,arc,2026181835,1,0.24893637309864033,1,0.6666666666666666,3.460089941713337
single,stable,arc,2026181836,1,0.2307139248891682,1,0.8333333333333333,2.907243324511893
single,stable,arc,2026181837,0,0.6731201588492415,1,0.4733727810650887,3.523020950590014
single,stable,arc,2026181838,0,1.2743020017171878,0,0.3846153846153846,2.4589857505282318
single,stable,arc,2026181839,0,0.6939779378393962,0,0.3888888888888889,2.526827642682129
single,stable,arc,2026181840,1,0.11435749150839582,1,0.7291666666666665,3.07802375492118
single,stable,arc,2026181841,0,1.4682943545431304,0,0.3723404255319149,2.6705576952609418
single,stable,arc,2026181842,1,0.5386209919981534,1,0.7766990291262136,3.3352775773130774
single,stable,arc,2026181843,1,0.09307462116796483,1,0.5825242718446602,2.376236732832592
single,stable,arc,2026181844,0,0.843298960214212,0,0.39007092198581556,2.2509847581662377
single,stable,arc,2026181845,0,1.6709648666892836,1,0.5387205387205387,2.4389170246810217
single,stable,arc,2026181846,0,0.6704852752728984,0,0.25773195876288657,2.035392103792382
single,stable,arc,2026181847,0,0.857978940811063,1,0.43636363636363634,2.0958052954196664
single,stable,arc,2026181848,0,2.6277318396197695,1,0.5244755244755245,2.574279153266131
single,stable,arc,2026181849,0,1.8525467173558583,1,0.5405405405405405,2.267401148664069
single,stable,arc,2026181850,0,0.8749724421592383,0,0.3684210526315789,2.7197633678971544
single,stable,arc,2026181851,0,0.9010256574486738,1,0.47619047619047616,2.2977892084264377
single,stable,arc,2026181852,1,0.46493047904681467,1,0.7086614173228346,2.831843588420381
single,stable,arc,2026181853,0,2.312487836841059,0,0.3954802259887006,2.9959056920964207
single,stable,arc,2026181854,0,0.7755466951635143,1,0.42780748663101603,2.195971185978492
single,stable,arc,2026181855,1,0.13753635883262114,1,0.7070707070707071,2.241691317029191
single,stable,arc,2026181856,1,0.5478683614248399,1,0.64,3.1029522582035693
single,stable,arc,2026181857,0,0.6890005764088954,1,0.5747126436781609,2.6033707743779173
single,stable,arc,2026181858,0,1.3036751725393945,1,0.48543689320388345,2.4950119459291913
single,stable,arc,2026181859,0,0.6235690170145451,1,0.43373493975903615,1.9473495872653594
single,stable,arc,2026181860,0,0.9294399189842155,1,0.5985915492957746,1.9919349296256095
single,stable,arc,2026181861,0,1.0310843992728917,1,0.65,2.046677771318246
single,stable,arc,2026181862,0,1.927471469729172,1,0.4460966542750929,2.4290565177895327
single,stable,arc,2026181863,1,0.5236258753943072,1,1.0227272727272727,3.5530677534610957
single,stable,arc,2026181864,1,0.5762223249678712,1,0.6521739130434783,2.136433148001157
single,stable,arc,2026181865,0,0.7567255315769763,1,0.5220883534136546,2.3863997167551565
single,stable,arc,2026181866,0,0.9168603432246679,0,0.3964757709251101,2.6210668404009723
single,stable,arc,2026181867,0,0.8053494051047807,1,0.4245283018867924,2.4224198809689925
single,stable,arc,2026181868,0,1.5607873029371084,1,0.4014598540145985,2.6274354647430442
single,stable,arc,2026181869,1,0.38777276794590193,1,0.8064516129032258,2.5133657472318247
single,stable,arc,2026181870,0,0.9317430201317407,0,0.36231884057971014,2.733059447396592
single,stable,arc,2026181871,0,1.0998973923704245,1,0.43321299638989164,2.554456982523857
single,stable,arc,2026181872,0,0.7144676454387812,0,0.39215686274509803,2.6208425115316443
single,stable,arc,2026181873,1,0.23833952938569014,1,0.7017543859649122,2.557029248811199
single,stable,arc,2026181874,1,0.510536198313446,1,0.625,3.9099285773128094
single,stable,arc,2026181875,0,1.157588193401536,0,0.2713178294573643,1.8092580446182056
single,stable,arc,2026181876,1,0.5970431740656169,1,0.6299212598425197,2.7427516907204534
single,stable,arc,2026181877,1,0.225485334035996,0,0.375,3.567809663243724
single,stable,arc,2026181878,0,0.6424197308009476,1,0.4522613065326633,2.906164780813011
single,stable,arc,2026181879,1,0.5006987599393092,1,0.5434782608695652,2.5816541933092463
single,stable,arc,2026181880,0,0.8267886812012656,1,0.4918032786885246,2.3561163661209372
single,stable,arc,2026181881,0,1.031509541244516,1,0.4482758620689655,2.051936498259079
single,stable,arc,2026181882,0,0.6935215618795468,0,0.398406374501992,2.4665733298553927
single,stable,arc,2026181883,0,0.9516681284464198,1,0.5652173913043478,2.4077319278774554
single,stable,arc,2026181884,0,2.4346354097339806,1,0.48,2.578204063564207
single,stable,arc,2026181885,0,0.8504878189707038,0,0.32432432432432434,3.344634724106003
single,stable,arc,2026181886,0,0.6020675033423686,0,0.36900369003690037,2.130116778194585
single,stable,arc,2026181887,1,0.43962966520815777,1,0.9523809523809523,3.0580150659733154
single,stable,arc,2026181888,0,1.0533666471055847,0,0.3977272727272727,3.1492932465801595
single,stable,arc,2026181889,0,1.9482188730696357,0,0.3829787234042553,2.5609330349150836
single,stable,arc,2026181890,0,1.7027046972840927,1,0.5191256830601093,2.2857319516671306
single,stable,arc,2026181891,0,2.0791681512182474,1,0.41353383458646614,2.551842028195793
single,stable,arc,2026181892,1,0.13625438997301978,1,0.588235294117647,2.732853775863819
single,stable,arc,2026181893,1,0.0974442652222947,1,0.7594936708860759,3.180656694543825
single,stable,arc,2026181894,0,2.1813983628710343,1,0.5238095238095238,2.6410745558862128
single,stable,arc,2026181895,1,0.26180024703573107,1,1.0256410256410255,3.8801667916788505
single,stable,arc,2026181896,0,0.6874897917795795,1,0.43478260869565216,2.09103549506028
single,stable,arc,2026181897,0,1.0810747753092262,0,0.26737967914438504,2.802725386412129
single,stable,arc,2026181898,1,0.1896474122838454,1,0.8888888888888888,3.18414618305574
single,stable,arc,2026181899,1,0.3978881544215707,1,0.693069306930693,2.5419514724415144
single,stable,arc,2026181900,1,0.37814021875641946,1,0.9523809523809523,3.8338965304418315
single,stable,multi_sine,2026281801,0,4.621179570874873,0,0.3466666666666667,2.1104296779548637
single,stable,multi_sine,2026281802,0,6.084876307424594,0,0.33057851239669417,2.1019962811693906
single,stable,multi_sine,2026281803,0,8.906287252744693,0,0.4582210242587601,2.23800185140985
single,stable,multi_sine,2026281804,0,1.589235697961927,0,0.3343465045592705,1.9386494868698319
single,stable,multi_sine,2026281805,0,5.479530563896624,0,0.26785714285714285,2.6109158138930315
single,stable,multi_sine,2026281806,0,3.8054802454800236,0,0.2857142857142857,2.793091112786779
single,stable,multi_sine,2026281807,0,5.8738449829756885,0,0.3673469387755102,1.7889669479166352
single,stable,multi_sine,2026281808,0,1.474128116093706,0,0.2976190476190476,4.32873080592643
single,stable,multi_sine,2026281809,0,1.123403514659713,1,0.4142011834319526,4.5136592956905375
single,stable,multi_sine,2026281810,0,3.4862623167921907,0,0.27322404371584696,2.136647126398108
single,stable,multi_sine,2026281811,0,3.853252440366962,0,0.3571428571428571,1.8566907907406922
single,stable,multi_sine,2026281812,0,6.182762307983824,0,0.27649769585253453,2.2246798093524616
single,stable,multi_sine,2026281813,0,6.478150181287542,0,0.199203187250996,2.6192823456655856
single,stable,multi_sine,2026281814,0,5.5830166200426135,0,0.32863849765258213,2.316114040638218
single,stable,multi_sine,2026281815,0,1.8277926158414564,1,0.4199475065616798,2.240868896725319
single,stable,multi_sine,2026281816,0,4.147707274485289,1,0.44334975369458124,2.364153303359498
single,stable,multi_sine,2026281817,0,4.153811049673935,0,0.32432432432432434,3.1006850549649556
single,stable,multi_sine,2026281818,0,4.326513637651013,0,0.228310502283105,2.3293134584948936
single,stable,multi_sine,2026281819,0,6.8049451623734285,1,0.4087193460490463,2.4363570338197236
single,stable,multi_sine,2026281820,0,5.722193166216093,0,0.2145922746781116,2.606066319158185
single,stable,multi_sine,2026281821,0,4.169876320902924,0,0.2803738317757009,2.8983992887877426
single,stable,multi_sine,2026281822,0,7.554651769398163,0,0.34334763948497854,2.423361296661772
single,stable,multi_sine,2026281823,0,7.918841572712145,0,0.3494623655913978,2.166268184208687
single,stable,multi_sine,2026281824,0,2.7973585150595204,0,0.3,2.432353731190686
single,stable,multi_sine,2026281825,0,3.610311632127257,0,0.2717391304347826,2.5785600859742868
single,stable,multi_sine,2026281826,0,4.087735771446397,0,0.3365384615384615,2.4337101026965873
single,stable,multi_sine,2026281827,0,4.05383148303132,0,0.2717391304347826,3.148214707378346
single,stable,multi_sine,2026281828,0,6.09140902713342,1,0.4444444444444444,2.425436796592541
single,stable,multi_sine,2026281829,0,5.355682919794894,0,0.31746031746031744,2.530337111453994
single,stable,multi_sine,2026281830,0,2.329258613776399,0,0.3107344632768362,2.3557176785458656
single,stable,multi_sine,2026281831,0,4.737039818518211,0,0.3787878787878788,2.1741731901424437
single,stable,multi_sine,2026281832,0,4.305838986866492,0,0.3494623655913978,2.399883955618786
single,stable,multi_sine,2026281833,0,8.730043874554012,0,0.3504043126684636,2.3081321030463373
single,stable,multi_sine,2026281834,0,3.662845486415728,0,0.27472527472527475,3.187722391944538
single,stable,multi_sine,2026281835,0,1.7393385699507973,0,0.29940119760479045,4.136532966809664
single,stable,multi_sine,2026281836,0,3.5871024312993502,0,0.2777777777777778,2.772186183125832
single,stable,multi_sine,2026281837,0,4.617468614331305,0,0.25510204081632654,2.760750231238723
single,stable,multi_sine,2026281838,0,6.782120317289552,0,0.28688524590163933,2.6714530870775475
single,stable,multi_sine,2026281839,0,7.631654502317784,0,0.3494623655913978,2.275672256692128
single,stable,multi_sine,2026281840,0,2.98198552664942,0,0.2631578947368421,2.4184402358683394
single,stable,multi_sine,2026281841,0,6.604358760409774,0,0.18018018018018014,2.375260992745682
single,stable,multi_sine,2026281842,0,6.42716716435347,1,0.4825737265415549,2.2424363110932983
single,stable,multi_sine,2026281843,0,5.822831909287416,0,0.2631578947368421,3.004931160876123
single,stable,multi_sine,2026281844,0,4.529972188882198,0,0.3755868544600939,2.8952399415598045
single,stable,multi_sine,2026281845,0,8.320526247166676,1,0.4032258064516129,2.3518433495422038
single,stable,multi_sine,2026281846,0,3.369330576780883,0,0.2777777777777778,2.1324620833400254
single,stable,multi_sine,2026281847,0,3.3977568606950297,0,0.26595744680851063,2.500773248254237
single,stable,multi_sine,2026281848,0,4.163339403222146,1,0.44392523364485975,2.710113479166459
single,stable,multi_sine,2026281849,0,2.507427542160588,1,0.5753424657534246,2.4684978909751414
single,stable,multi_sine,2026281850,0,4.005027988396318,0,0.3585657370517928,2.413759734294398
single,stable,multi_sine,2026281851,0,5.443878452691553,0,0.28169014084507044,2.4984562073601144
single,stable,multi_sine,2026281852,0,9.97348937982503,1,0.46413502109704635,2.2272573434832688
single,stable,multi_sine,2026281853,0,1.650469954365279,1,0.5113636363636364,2.9770435568142504
single,stable,multi_sine,2026281854,0,4.332544287652292,0,0.23923444976076552,2.1726868843724403
single,stable,multi_sine,2026281855,0,3.2500983863554773,0,0.25,2.19709778612848
single,stable,multi_sine,2026281856,0,2.5460583294654264,1,0.46511627906976744,2.5585563306145
single,stable,multi_sine,2026281857,0,5.408980099147893,0,0.24128686327077745,2.1712195304636275
single,stable,multi_sine,2026281858,0,4.800287371015637,1,0.41474654377880177,2.3081956298833775
single,stable,multi_sine,2026281859,0,4.901534101141961,0,0.3463203463203463,2.374525782153218
single,stable,multi_sine,2026281860,0,6.818927298000798,0,0.28112449799196787,2.2931997246744724
single,stable,multi_sine,2026281861,0,5.468660157690995,0,0.3608247422680412,2.579544458319692
single,stable,multi_sine,2026281862,0,3.0184285473823067,0,0.28089887640449435,3.666515797654194
single,stable,multi_sine,2026281863,0,6.807257325888727,0,0.3139013452914798,2.175613597795174
single,stable,multi_sine,2026281864,0,3.1863655033972162,0,0.2823529411764706,2.3523610915903057
single,stable,multi_sine,2026281865,0,7.04234650612018,0,0.2892561983471074,2.058364304358653
single,stable,multi_sine,2026281866,0,6.322069637194806,0,0.34825870646766166,2.7903778367017558
single,stable,multi_sine,2026281867,0,2.8008241162631133,0,0.2857142857142857,3.4314561516663433
single,stable,multi_sine,2026281868,0,4.853681617019309,0,0.27707808564231734,2.36950723043734
single,stable,multi_sine,2026281869,0,4.982223280391665,0,0.24630541871921183,2.257321592251464
single,stable,multi_sine,2026281870,0,8.699188943704218,0,0.35019455252918286,2.281843202865145
single,stable,multi_sine,2026281871,0,2.010579577920298,0,0.22346368715083798,2.4705002354938617
single,stable,multi_sine,2026281872,0,6.151656294245397,0,0.2904564315352697,2.232876027549325
single,stable,multi_sine,2026281873,0,1.738305228328078,0,0.2572347266881029,2.4476828139688354
single,stable,multi_sine,2026281874,0,2.6743423672852096,1,0.4120879120879121,2.5704665728015432
single,stable,multi_sine,2026281875,0,7.861105294528109,0,0.29649595687331537,2.4285127150480736
single,stable,multi_sine,2026281876,0,1.5561171677639405,1,0.4021447721179624,2.3487887254797615
single,stable,multi_sine,2026281877,0,3.9807319189291794,0,0.330188679245283,2.30800357032078
single,stable,multi_sine,2026281878,0,5.519203125734836,0,0.3137254901960784,1.9779679905606802
single,stable,multi_sine,2026281879,0,2.306733185439113,0,0.2824858757062147,3.8093927802293672
single,stable,multi_sine,2026281880,0,7.286638123114019,0,0.3225806451612903,1.871712071862984
single,stable,multi_sine,2026281881,0,0.8091960721090796,1,0.43478260869565216,3.1228827382683924
single,stable,multi_sine,2026281882,0,5.5403548764581325,0,0.3488372093023256,2.4470267487311186
single,stable,multi_sine,2026281883,0,4.6938721338788785,0,0.26666666666666666,2.4526678808588125
single,stable,multi_sine,2026281884,0,7.305328583766388,0,0.3551912568306011,1.881675287990538
single,stable,multi_sine,2026281885,0,5.917281288246942,0,0.2597402597402597,2.2724923988485135
single,stable,multi_sine,2026281886,0,4.774281391794828,0,0.26595744680851063,2.9624029523345152
single,stable,multi_sine,2026281887,0,2.8750667517891046,1,0.41450777202072536,2.823649736311914
single,stable,multi_sine,2026281888,0,8.829787496170011,0,0.3825136612021858,2.6390462467072457
single,stable,multi_sine,2026281889,0,7.164931123955548,0,0.4383561643835616,2.00042308819424
single,stable,multi_sine,2026281890,0,3.038653065176771,1,0.4,2.4531078438463623
single,stable,multi_sine,2026281891,0,5.368575201072556,0,0.26200873362445415,2.4272196337968244
single,stable,multi_sine,2026281892,0,8.062120080250708,0,0.3523035230352304,1.991197293995325
single,stable,multi_sine,2026281893,0,4.6042849771115755,0,0.2564102564102564,2.573520373721952
single,stable,multi_sine,2026281894,0,6.621725823869358,0,0.35422343324250677,2.1808231959551807
single,stable,multi_sine,2026281895,0,2.0187872381643674,0,0.3125,2.3231966827160067
single,stable,multi_sine,2026281896,0,5.998346408650543,0,0.2978723404255319,2.462842488013952
single,stable,multi_sine,2026281897,0,3.5806065038355115,1,0.44715447154471544,2.5609270123803283
single,stable,multi_sine,2026281898,0,6.671275564242965,1,0.43243243243243246,2.121989223136605
single,stable,multi_sine,2026281899,0,5.620380071399905,0,0.32653061224489793,2.409591755247997
single,stable,multi_sine,2026281900,0,4.173075626111816,0,0.24875621890547261,2.206835498986794
single,stable,jink,2026381801,1,0.4032301839021773,1,0.48543689320388345,2.145098542022673
single,stable,jink,2026381802,0,0.8891796799169772,0,0.31531531531531526,3.7936510375761987
single,stable,jink,2026381803,0,2.007384193662155,0,0.3846153846153846,3.2316486314402466
single,stable,jink,2026381804,0,1.2699621427756036,1,0.4553415061295972,2.480550363515351
single,stable,jink,2026381805,1,0.23423856862121759,1,0.46728971962616817,3.21629375194249
single,stable,jink,2026381806,1,0.5291452278873134,1,0.6451612903225806,2.3313251552309597
single,stable,jink,2026381807,1,0.5033789097581683,1,0.47619047619047616,2.2156708280416177
single,stable,jink,2026381808,0,1.3531981778718438,0,0.3439153439153439,3.1107581724207973
single,stable,jink,2026381809,1,0.5373780093294618,1,0.7476635514018691,3.1149881379123694
single,stable,jink,2026381810,0,1.9573188421032908,1,0.5042016806722689,3.0639352619384996
single,stable,jink,2026381811,0,1.123685936908403,0,0.38062283737024216,3.255751938612943
single,stable,jink,2026381812,0,1.6537852113280676,0,0.37783375314861456,3.2561665014901227
single,stable,jink,2026381813,0,1.1577317883144325,0,0.2464788732394366,3.593684294362312
single,stable,jink,2026381814,0,1.4748464691343306,0,0.285132382892057,3.160754474212893
single,stable,jink,2026381815,0,1.3495888645926595,0,0.3333333333333333,3.1500372947852355
single,stable,jink,2026381816,1,0.4983561382093027,1,0.6521739130434782,2.2368229801754507
single,stable,jink,2026381817,0,0.9769724838043937,1,0.5076142131979695,3.0468996533558395
single,stable,jink,2026381818,0,1.2433738923022635,1,0.42944785276073616,2.078011593756397
single,stable,jink,2026381819,0,1.2323455292009777,1,0.4612159329140461,2.9473292095072874
single,stable,jink,2026381820,0,1.3626508304521465,0,0.25586353944562895,2.859618074300251
single,stable,jink,2026381821,1,0.42116477607296277,0,0.3676470588235294,1.9126058659452354
single,stable,jink,2026381822,1,0.0973444497508608,1,0.47619047619047616,2.9522587823032422
single,stable,jink,2026381823,0,2.285882276234105,1,0.5366726296958855,2.561294513522161
single,stable,jink,2026381824,0,1.2101149076374718,0,0.32934131736526945,2.3150213327398625
single,stable,jink,2026381825,0,0.6726731019876895,0,0.3457446808510638,3.4401002566616503
single,stable,jink,2026381826,0,0.8756220128082544,0,0.3503184713375796,1.9031054519111341
single,stable,jink,2026381827,0,0.9112027228343408,1,0.4563492063492063,3.317572635658833
single,stable,jink,2026381828,0,1.1614074184524672,0,0.3339517625231911,3.2318667188341403
single,stable,jink,2026381829,0,1.4289692976129318,0,0.30092592592592593,2.7170639586075467
single,stable,jink,2026381830,1,0.11072851724666823,1,0.48543689320388345,2.9823698048838865
single,stable,jink,2026381831,0,1.031796439122818,1,0.42226487523992323,2.7875955233932883
single,stable,jink,2026381832,0,1.3052097094850221,0,0.27944111776447106,2.7969437619969564
single,stable,jink,2026381833,0,1.98691613018393,0,0.37243947858473,3.2361023569203984
single,stable,jink,2026381834,1,0.19635146311780524,1,0.6593406593406593,2.4974491718961436
single,stable,jink,2026381835,0,2.738150711376107,1,0.437956204379562,2.640024140309676
single,stable,jink,2026381836,0,1.9576881566577164,0,0.3597122302158273,3.1129353148544654
single,stable,jink,2026381837,0,1.2812981963207621,0,0.37735849056603776,2.7870181951202793
single,stable,jink,2026381838,0,1.6679923765469649,1,0.43737574552683894,3.5784828722353663
single,stable,jink,2026381839,0,0.6228354855357601,1,0.5142857142857142,2.284441898362566
single,stable,jink,2026381840,0,2.1020720334967984,1,0.41036717062634986,3.4770371803946136
single,stable,jink,2026381841,0,1.0759896432763076,1,0.42158516020236086,3.086158631608973
single,stable,jink,2026381842,1,0.19940066588712294,1,0.4406779661016949,3.2631468145570333
single,stable,jink,2026381843,0,1.0655343182728945,0,0.30534351145038163,3.1671665883613422
single,stable,jink,2026381844,0,1.1371293977822539,0,0.3535353535353535,3.6353597471904786
single,stable,jink,2026381845,0,1.3838054429827216,0,0.2641509433962264,2.463875988801045
single,stable,jink,2026381846,0,1.097452972029289,0,0.2912621359223301,3.062913131652296
single,stable,jink,2026381847,0,0.7265484829499964,1,0.4032258064516129,4.066143516659214
single,stable,jink,2026381848,0,1.0677340767985217,1,0.40856031128404663,2.6883508750149847
single,stable,jink,2026381849,0,0.6926436352303047,0,0.3508771929824561,2.9115391921780214
single,stable,jink,2026381850,0,0.8310934704326142,1,0.4861111111111111,2.8088016326235588
single,stable,jink,2026381851,0,2.0362072533208626,1,0.4066985645933014,2.8455846055127956
single,stable,jink,2026381852,1,0.5358922871859334,1,0.5362776025236593,3.123802357474091
single,stable,jink,2026381853,0,0.6170051303752142,1,0.41594454072790293,2.4975267591417105
single,stable,jink,2026381854,0,0.7380393351655976,0,0.3731343283582089,3.63732514952063
single,stable,jink,2026381855,0,1.851556101870287,0,0.3953488372093023,2.8432354045558084
single,stable,jink,2026381856,0,0.6055777996212834,0,0.36809815950920244,3.6520013298841554
single,stable,jink,2026381857,0,0.8364582436800198,1,0.46712802768166084,3.186012069085398
single,stable,jink,2026381858,0,1.0173598782956326,1,0.43859649122807015,2.793171091941033
single,stable,jink,2026381859,0,0.9429680054702502,0,0.3157894736842105,3.0358145649459067
single,stable,jink,2026381860,0,0.7953521572867154,0,0.3463203463203463,3.00155171124603
single,stable,jink,2026381861,1,0.04861519337034216,1,0.4629629629629629,2.7147802129615237
single,stable,jink,2026381862,0,1.1636858834050985,0,0.3773584905660377,3.0467539357247464
single,stable,jink,2026381863,0,0.9825626000894524,1,0.4439746300211416,2.643238428214679
single,stable,jink,2026381864,0,0.7476385518029265,1,0.41753653444676403,2.5637408507343804
single,stable,jink,2026381865,0,1.9566090446772633,0,0.35714285714285715,2.4697294183410046
single,stable,jink,2026381866,0,1.6433354145870525,0,0.2280130293159609,2.3698767467417508
single,stable,jink,2026381867,1,0.5156837329173298,0,0.36697247706422015,2.746006562511604
single,stable,jink,2026381868,0,1.990906181311934,1,0.4477611940298507,2.4864249363076083
single,stable,jink,2026381869,0,2.7832113997491423,0,0.3076923076923077,2.480286307068062
single,stable,jink,2026381870,0,0.9389450584565231,1,0.4423076923076923,3.5691297461676945
single,stable,jink,2026381871,0,1.4177755935550365,0,0.24691358024691357,3.2899693581359744
single,stable,jink,2026381872,1,0.35169654626229924,1,0.42105263157894735,1.9846762568045406
single,stable,jink,2026381873,0,0.8147673167325873,1,0.4411764705882353,2.8436008490667657
single,stable,jink,2026381874,0,2.1863516935190215,0,0.3547671840354767,2.481021470842203
single,stable,jink,2026381875,0,0.9497543618792349,0,0.36777583187390545,2.9596691223927705
single,stable,jink,2026381876,0,2.630256655020475,0,0.16129032258064516,2.8278564044129952
single,stable,jink,2026381877,0,1.3960225829884485,1,0.40152963671128106,2.6393220658491714
single,stable,jink,2026381878,1,0.29516945652894777,1,0.5607476635514018,2.0492166984911067
single,stable,jink,2026381879,0,1.9784364048470184,0,0.36324786324786323,2.7523935177076266
single,stable,jink,2026381880,0,0.7094109280016863,1,0.5023923444976076,3.1069774680455637
single,stable,jink,2026381881,0,0.8828268493758482,0,0.39215686274509803,2.781036267360084
single,stable,jink,2026381882,0,1.7158837391904125,1,0.4047217537942664,2.965774008184252
single,stable,jink,2026381883,0,1.510282572258246,0,0.36750483558994196,3.2775260369699293
single,stable,jink,2026381884,0,0.794852341203876,1,0.4416961130742049,2.868964780121362
single,stable,jink,2026381885,0,1.3123094766943089,0,0.37766830870279144,2.447464176656409
single,stable,jink,2026381886,0,1.0381140283716748,0,0.3515625,2.5083679187887635
single,stable,jink,2026381887,0,1.5453709755094134,0,0.3448275862068965,2.2739225502095524
single,stable,jink,2026381888,0,1.2825527006844668,0,0.3947368421052631,3.0448219152541496
single,stable,jink,2026381889,1,0.5459472589982631,1,0.6666666666666666,2.872860216107619
single,stable,jink,2026381890,1,0.4226735296595386,1,0.5,2.265818494315784
single,stable,jink,2026381891,0,0.6795278294509928,0,0.2783300198807157,3.0224226366120073
single,stable,jink,2026381892,0,1.6859151119679086,0,0.28662420382165604,2.7533476728198925
single,stable,jink,2026381893,0,1.91298281704675,1,0.5448154657293497,3.088142910000986
single,stable,jink,2026381894,1,0.5412682901621401,1,0.5844155844155844,2.1617289507945046
single,stable,jink,2026381895,0,2.2390022910101623,0,0.26143790849673204,2.4040582872666807
single,stable,jink,2026381896,1,0.3767322496264723,1,0.5952380952380952,3.311105853452314
single,stable,jink,2026381897,0,0.870471757972324,0,0.29962546816479396,2.7376187322889565
single,stable,jink,2026381898,1,0.2876446934219206,1,0.5434782608695652,2.5124750773979625
single,stable,jink,2026381899,1,0.3633641077331214,0,0.5699481865284974,2.5743583248741633
single,stable,jink,2026381900,0,1.4239816494363975,0,0.3609341825902335,2.6758079626495768
single,conservative,line,2026081801,1,0.04479562803526048,0,0.0,0.3166652189742783
single,conservative,line,2026081802,0,0.7913624548656009,0,0.04132231404958677,1.9302791898755145
single,conservative,line,2026081803,0,0.9944687489878347,0,0.11152416356877322,1.6209870023554804
single,conservative,line,2026081804,1,0.09418260910289442,0,0.0970873786407767,0.3144118756585553
single,conservative,line,2026081805,1,0.5242550341052209,0,0.14705882352941174,1.3929860124647961
single,conservative,line,2026081806,1,0.12427997841696468,0,0.0,0.34808814899817825
single,conservative,line,2026081807,0,0.7255222555813181,0,0.0821917808219178,1.3483240709348867
single,conservative,line,2026081808,1,0.2333382546008901,0,0.2777777777777778,0.47033637366196857
single,conservative,line,2026081809,1,0.5782888984257067,0,0.09345794392523364,1.279041533423311
single,conservative,line,2026081810,0,1.0265792686438806,0,0.0625,1.6313358388116979
single,conservative,line,2026081811,0,0.8255693162806464,0,0.09615384615384615,1.8096399377747199
single,conservative,line,2026081812,1,0.1822690524758268,0,0.08547008547008546,0.7726738199201727
single,conservative,line,2026081813,1,0.46107798206452105,0,0.1111111111111111,1.4218298153994082
single,conservative,line,2026081814,1,0.4671876431386041,0,0.09433962264150943,2.01742080514672
single,conservative,line,2026081815,0,0.8402401475381399,0,0.19704433497536944,1.781158702938747
single,conservative,line,2026081816,1,0.2981757549029183,0,0.12658227848101264,0.9747625078782657
single,conservative,line,2026081817,1,0.01268758818023039,0,0.0,0.309596961538649
single,conservative,line,2026081818,0,1.0218525348005876,0,0.07662835249042145,1.4788072502828948
single,conservative,line,2026081819,1,0.07961159068552733,0,0.0,0.31081663935481985
single,conservative,line,2026081820,1,0.10108666842501951,0,0.0,0.3778937402806384
single,conservative,line,2026081821,1,0.38618445065204815,0,0.099009900990099,0.9150211747590306
single,conservative,line,2026081822,1,0.49786310649880716,0,0.1342281879194631,0.4828431148698409
single,conservative,line,2026081823,1,0.42260618347840156,0,0.1282051282051282,1.4907837771734291
single,conservative,line,2026081824,0,0.6621208191021334,0,0.14492753623188404,1.7883039023373666
single,conservative,line,2026081825,0,0.736536915079904,0,0.1282051282051282,1.5365599060716528
single,conservative,line,2026081826,1,0.4480139845500916,0,0.0662251655629139,0.7772230644773124
single,conservative,line,2026081827,0,0.6384154235426405,0,0.12422360248447203,2.5831558831176222
single,conservative,line,2026081828,0,0.6385775381900761,0,0.08928571428571427,1.4941691039466072
single,conservative,line,2026081829,1,0.5432313106905414,0,0.08695652173913043,1.0071053418019886
single,conservative,line,2026081830,1,0.4021429136496436,0,0.099009900990099,0.32925671054007283
single,conservative,line,2026081831,1,0.41537327882782804,0,0.09009009009009007,1.3191980663212084
single,conservative,line,2026081832,0,1.2502527956881957,0,0.16393442622950818,2.016581569079562
single,conservative,line,2026081833,1,0.2227881225248375,0,0.1020408163265306,0.3118561825487439
single,conservative,line,2026081834,0,1.0479894762276394,0,0.0947867298578199,1.2670939693923964
single,conservative,line,2026081835,0,1.0501670701511425,0,0.18181818181818182,1.779593387547918
single,conservative,line,2026081836,1,0.19717216635505788,0,0.0,0.3441843164441731
single,conservative,line,2026081837,1,0.07408417927167883,0,0.0,0.3036560886591168
single,conservative,line,2026081838,1,0.2731689044596261,0,0.0,0.21886972430733334
single,conservative,line,2026081839,1,0.11692662374971088,0,0.10638297872340426,0.31198365792336696
single,conservative,line,2026081840,1,0.21058847769433783,0,0.2797202797202797,0.2955969396053343
single,conservative,line,2026081841,1,0.07959923578513106,0,0.0,0.25656038200239556
single,conservative,line,2026081842,0,0.6592208177907569,0,0.08368200836820083,1.8134442632832106
single,conservative,line,2026081843,0,0.96366694191332,0,0.10050251256281406,1.9227907751009239
single,conservative,line,2026081844,1,0.4280838740133695,0,0.08130081300813008,0.19897789524807535
single,conservative,line,2026081845,1,0.2619894107233314,0,0.0,0.37895260227335065
single,conservative,line,2026081846,1,0.28114993699553226,0,0.0980392156862745,0.9289937627222656
single,conservative,line,2026081847,1,0.4632040131777337,0,0.11494252873563217,2.648933324276811
single,conservative,line,2026081848,1,0.5379762807865037,0,0.09523809523809523,1.3024588901903746
single,conservative,line,2026081849,1,0.4128574678550455,0,0.20618556701030927,1.7019487732782517
single,conservative,line,2026081850,0,0.7968213159953209,0,0.12987012987012986,1.5399978015831446
single,conservative,line,2026081851,0,1.1981885920382989,0,0.04424778761061947,1.7805058240652951
single,conservative,line,2026081852,1,0.4053249323045459,0,0.2654867256637168,0.9066158913614617
single,conservative,line,2026081853,1,0.4334593118390574,0,0.09345794392523364,1.2366486192062642
single,conservative,line,2026081854,1,0.21834491936268993,0,0.09523809523809523,0.4670148577022757
single,conservative,line,2026081855,1,0.2823311262974704,0,0.0,0.45475394903222366
single,conservative,line,2026081856,1,0.3107477321919683,0,0.12048192771084336,1.9129792984801295
single,conservative,line,2026081857,1,0.1994154706403633,0,0.0,0.372096236365759
single,conservative,line,2026081858,0,0.8951005708315586,0,0.08888888888888889,1.6712262497906307
single,conservative,line,2026081859,1,0.09496926430975905,0,0.1986754966887417,0.2870380642849372
single,conservative,line,2026081860,1,0.3666591830489552,0,0.099009900990099,0.5987937275088355
single,conservative,line,2026081861,0,0.9510956228690872,0,0.12396694214876032,1.5579232265799976
single,conservative,line,2026081862,1,0.12813931339876988,0,0.0,0.3596328783611083
single,conservative,line,2026081863,1,0.3243387547559024,0,0.0,0.2951798017304756
single,conservative,line,2026081864,1,0.5837242790158333,0,0.13157894736842105,2.097865819290757
single,conservative,line,2026081865,0,1.0425049556184294,0,0.14492753623188404,1.5068129279979683
single,conservative,line,2026081866,0,0.8357925689687504,0,0.06493506493506493,1.3138953840662304
single,conservative,line,2026081867,1,0.18638586934667326,0,0.1020408163265306,0.40712649247521837
single,conservative,line,2026081868,1,0.10629220791979402,0,0.09433962264150943,0.35508237730247477
single,conservative,line,2026081869,1,0.12497130998230944,0,0.2586206896551724,0.32522014864617665
single,conservative,line,2026081870,0,1.0905062607983298,0,0.07326007326007326,1.882131137532885
single,conservative,line,2026081871,0,0.9460388541471978,0,0.08695652173913043,1.5157831573704919
single,conservative,line,2026081872,0,0.6616145193977498,0,0.12578616352201258,1.809747431442465
single,conservative,line,2026081873,1,0.5734196973030368,0,0.3092783505154639,1.4639234147857856
single,conservative,line,2026081874,1,0.1070994609080979,0,0.09433962264150943,0.323848791406983
single,conservative,line,2026081875,1,0.5852017016333931,0,0.0970873786407767,1.9316536730190645
single,conservative,line,2026081876,1,0.0661925665939902,0,0.13157894736842105,0.3426390053379914
single,conservative,line,2026081877,0,1.2543787200627536,0,0.1923076923076923,2.500108725638188
single,conservative,line,2026081878,0,1.2631775364241455,0,0.0823045267489712,1.4046936990926213
single,conservative,line,2026081879,1,0.4717424930031245,0,0.1941747572815534,1.1590113630375263
single,conservative,line,2026081880,0,0.9123690015767676,0,0.18115942028985507,1.6843400360642258
single,conservative,line,2026081881,0,0.8069429651633376,0,0.11538461538461539,1.5837084995989907
single,conservative,line,2026081882,0,1.1357243318094268,0,0.15384615384615385,1.9027261738462775
single,conservative,line,2026081883,1,0.44344009857581335,0,0.11494252873563217,0.8122669499319141
single,conservative,line,2026081884,1,0.3959381355455488,0,0.08695652173913043,1.1946478469913295
single,conservative,line,2026081885,1,0.19911324310800949,0,0.14925373134328357,0.38384439173020685
single,conservative,line,2026081886,1,0.04300568624501829,1,0.425531914893617,0.34052570550767086
single,conservative,line,2026081887,1,0.329691903796547,0,0.14925373134328357,0.7440096029736669
single,conservative,line,2026081888,0,0.784822819498121,0,0.05319148936170213,1.7967920322570028
single,conservative,line,2026081889,1,0.22993004296950484,0,0.12987012987012986,1.3857953736690185
single,conservative,line,2026081890,1,0.07604687358882982,0,0.0617283950617284,0.16353030293727222
single,conservative,line,2026081891,0,0.708234205797807,0,0.06451612903225806,2.370950109971641
single,conservative,line,2026081892,0,0.6051233688903184,0,0.0947867298578199,2.052208478841559
single,conservative,line,2026081893,1,0.555378385220151,0,0.08928571428571427,0.2949031682653468
single,conservative,line,2026081894,1,0.5585779326927255,0,0.0,1.4607266373353416
single,conservative,line,2026081895,0,1.1489164659255116,0,0.056179775280898875,2.1292632319358553
single,conservative,line,2026081896,1,0.19291162562066913,0,0.12987012987012986,0.7923790990358638
single,conservative,line,2026081897,0,0.7053853607687846,0,0.10830324909747291,1.600928270906215
single,conservative,line,2026081898,1,0.12732946015343785,0,0.18348623853211007,0.6894186978725337
single,conservative,line,2026081899,0,1.0214413980947676,0,0.1875,2.2306721377683294
single,conservative,line,2026081900,1,0.21602755477622104,0,0.125,0.42828671552529324
single,conservative,arc,2026181801,0,1.3606839284838095,0,0.37037037037037035,1.4806301031307465
single,conservative,arc,2026181802,0,1.6590606198807416,0,0.28,1.4900036959315308
single,conservative,arc,2026181803,0,1.8466831092658533,0,0.14925373134328357,1.3094811353180356
single,conservative,arc,2026181804,0,1.7310599294935163,0,0.32710280373831774,1.5173637536640572
single,conservative,arc,2026181805,0,1.8087288170852058,0,0.24590163934426226,1.3646139528962664
single,conservative,arc,2026181806,1,0.3674136073077176,0,0.35294117647058826,1.9903955034087863
single,conservative,arc,2026181807,0,0.8608956198623723,0,0.23364485981308408,1.4876264618123027
single,conservative,arc,2026181808,0,1.9576235868327065,0,0.37974683544303794,1.397528363827035
single,conservative,arc,2026181809,0,1.8732864174722181,0,0.21052631578947367,1.6528595677731515
single,conservative,arc,2026181810,0,1.2879199237709904,0,0.19047619047619047,1.3933900178366205
single,conservative,arc,2026181811,0,1.010026375467956,0,0.3517587939698492,1.7590636620589353
single,conservative,arc,2026181812,1,0.588471359714463,0,0.2941176470588235,1.3479697302576537
single,conservative,arc,2026181813,0,2.1198033024493768,0,0.1324503311258278,1.4145115028447168
single,conservative,arc,2026181814,0,0.7343858429805775,0,0.3629032258064516,1.4851298856246955
single,conservative,arc,2026181815,0,1.2084424407227612,0,0.3076923076923077,2.069513435210519
single,conservative,arc,2026181816,0,1.121406146340591,0,0.15527950310559005,1.4015562613061086
single,conservative,arc,2026181817,0,3.263518029086774,0,0.19455252918287935,1.4695410042018044
single,conservative,arc,2026181818,0,1.4993501012577397,0,0.37593984962406013,1.7467926662931679
single,conservative,arc,2026181819,0,2.3878000740351752,0,0.16778523489932887,1.2094074617379516
single,conservative,arc,2026181820,0,0.8467142115694599,0,0.34825870646766166,1.7104852357204485
single,conservative,arc,2026181821,0,0.9263249422762994,0,0.29304029304029305,1.5921831505276802
single,conservative,arc,2026181822,0,1.7520055625467565,0,0.2564102564102564,1.5004691367083234
single,conservative,arc,2026181823,0,1.2932450205510215,0,0.2904564315352697,1.4738803884759535
single,conservative,arc,2026181824,0,1.5544364686929795,0,0.18115942028985507,1.2291176728289834
single,conservative,arc,2026181825,1,0.42401255322301906,0,0.2941176470588235,1.3934215058355168
single,conservative,arc,2026181826,0,2.130728170657395,0,0.1706484641638225,1.4312152815540493
single,conservative,arc,2026181827,1,0.1311988970049285,0,0.2112676056338028,1.11119142587985
single,conservative,arc,2026181828,1,0.39885829976649684,1,0.6666666666666666,2.2595700022502445
single,conservative,arc,2026181829,0,2.568326359335799,0,0.32786885245901637,1.7217530588040257
single,conservative,arc,2026181830,0,1.418783907573614,0,0.24096385542168672,1.9527753980420235
single,conservative,arc,2026181831,0,1.1411560864905381,0,0.2734375,1.4103627033411539
single,conservative,arc,2026181832,0,2.6965605428263264,1,0.4678362573099415,1.8579156840398237
single,conservative,arc,2026181833,0,1.4198304297468742,0,0.36809815950920244,1.5596183084615818
single,conservative,arc,2026181834,0,1.2464643631871641,0,0.3940886699507389,1.4557717186746397
single,conservative,arc,2026181835,0,0.6404706594396757,0,0.22727272727272727,2.0260351049740435
single,conservative,arc,2026181836,1,0.2807810566399984,0,0.31249999999999994,1.4857256736711144
single,conservative,arc,2026181837,0,0.8958706988380206,0,0.35502958579881655,2.127877573475695
single,conservative,arc,2026181838,0,1.8637726841641296,0,0.28846153846153844,1.8916104249661105
single,conservative,arc,2026181839,0,1.1861103588616566,0,0.3333333333333333,2.0299648683207674
single,conservative,arc,2026181840,0,0.7507911342906538,0,0.3041825095057034,1.4704826378900095
single,conservative,arc,2026181841,0,1.2277621359950148,0,0.3191489361702127,2.196778573429733
single,conservative,arc,2026181842,0,1.2823179479888374,0,0.2870813397129186,1.4445541098001988
single,conservative,arc,2026181843,1,0.5798997191850271,0,0.3883495145631068,1.6117844381115796
single,conservative,arc,2026181844,0,0.6657468695021797,0,0.2482269503546099,1.6534968638307566
single,conservative,arc,2026181845,0,1.5044600781266437,0,0.23569023569023567,1.7293667725867943
single,conservative,arc,2026181846,0,1.2571571211868526,0,0.20618556701030927,1.4911366295837267
single,conservative,arc,2026181847,0,1.0390441444756795,0,0.2545454545454545,1.5512787735219136
single,conservative,arc,2026181848,0,1.5012786831949618,0,0.24475524475524474,1.4813426106598881
single,conservative,arc,2026181849,0,2.4615652682742777,0,0.31531531531531526,1.5554363739277934
single,conservative,arc,2026181850,0,1.2584640857194505,0,0.3157894736842105,1.6552723524807884
single,conservative,arc,2026181851,0,2.0247285412302203,0,0.26455026455026454,1.6583794033080006
single,conservative,arc,2026181852,0,0.9029688096588997,0,0.303030303030303,1.4657316488609633
single,conservative,arc,2026181853,0,3.179779020651264,0,0.3954802259887006,1.9971718574730863
single,conservative,arc,2026181854,0,0.9803620244203125,0,0.21390374331550802,1.4756214343544045
single,conservative,arc,2026181855,1,0.48047206484357247,1,0.5050505050505051,1.1629274712799764
single,conservative,arc,2026181856,0,0.7420216565073889,0,0.28213166144200624,1.4418445929070107
single,conservative,arc,2026181857,0,1.2655516077601405,0,0.3448275862068965,1.3695674992101805
single,conservative,arc,2026181858,0,1.5901148282370594,0,0.22653721682847894,1.3333926399081109
single,conservative,arc,2026181859,1,0.38737674779367864,0,0.37974683544303794,1.5950170545887314
single,conservative,arc,2026181860,0,1.2786610385987132,0,0.2816901408450704,1.279638980257039
single,conservative,arc,2026181861,0,1.8543021543850586,0,0.2,1.3443818733686694
single,conservative,arc,2026181862,0,1.0243652706423012,1,0.40892193308550184,1.7407063467593984
single,conservative,arc,2026181863,1,0.529123704085501,1,0.5681818181818181,1.6267916245545528
single,conservative,arc,2026181864,0,1.9532868230283018,0,0.19083969465648853,1.2809156670620945
single,conservative,arc,2026181865,0,1.0484712562792688,0,0.28112449799196787,1.5407376469086247
single,conservative,arc,2026181866,0,1.4135828652422118,0,0.3964757709251101,1.910047116731771
single,conservative,arc,2026181867,1,0.5481279223281509,1,0.898876404494382,1.6161252474810752
single,conservative,arc,2026181868,0,0.9154487151728132,0,0.291970802919708,1.6471292940661562
single,conservative,arc,2026181869,0,1.134154170990778,0,0.23880597014925373,1.8014694642344815
single,conservative,arc,2026181870,0,1.4233778449701875,0,0.2898550724637681,1.4190418529205322
single,conservative,arc,2026181871,0,1.5181742431621612,0,0.21660649819494582,1.7329508454493465
single,conservative,arc,2026181872,1,0.4301093581712293,0,0.18518518518518517,1.346434632528666
single,conservative,arc,2026181873,1,0.43683798212109287,1,0.43859649122807015,1.429303270786684
single,conservative,arc,2026181874,1,0.24814210750589658,1,0.5,2.113505694048189
single,conservative,arc,2026181875,0,1.7785546093430975,0,0.19379844961240308,1.2825694155436138
single,conservative,arc,2026181876,0,1.1769051082111712,0,0.2631578947368421,1.3075544371682306
single,conservative,arc,2026181877,1,0.30107947359987963,0,0.375,1.8607001601100568
single,conservative,arc,2026181878,0,1.1443264781617994,0,0.25125628140703515,2.1637771174036025
single,conservative,arc,2026181879,0,0.7137729563487955,0,0.23041474654377878,1.5002765545118781
single,conservative,arc,2026181880,0,2.4558382097515006,0,0.32786885245901637,1.6241815863657123
single,conservative,arc,2026181881,0,1.6969321620543747,0,0.2413793103448276,1.4449918799637562
single,conservative,arc,2026181882,0,1.8881459651159453,0,0.3187250996015936,1.5830159173436753
single,conservative,arc,2026181883,0,1.3410488509746499,0,0.391304347826087,1.4705771362911868
single,conservative,arc,2026181884,0,2.5180127999038633,0,0.2,1.5600339279669606
single,conservative,arc,2026181885,1,0.518480344387285,0,0.1282051282051282,1.6418256979146948
single,conservative,arc,2026181886,0,1.835399735942044,0,0.18450184501845018,1.3600749966295145
single,conservative,arc,2026181887,0,2.049243177341844,0,0.22727272727272727,1.6960388720266533
single,conservative,arc,2026181888,0,0.7211097944062026,0,0.28409090909090906,2.151355094070061
single,conservative,arc,2026181889,0,1.608193346200615,0,0.2127659574468085,1.8704703363653636
single,conservative,arc,2026181890,0,1.3353465327411387,0,0.2459016393442623,1.4383168318892279
single,conservative,arc,2026181891,0,1.4338070786950208,0,0.3383458646616541,1.5444847685241363
single,conservative,arc,2026181892,0,1.4992704212451669,0,0.2916666666666667,1.4143897936967982
single,conservative,arc,2026181893,0,1.6007647152771414,0,0.31746031746031744,1.6421006630194035
single,conservative,arc,2026181894,0,1.8784338911418719,1,0.42857142857142855,1.4666424075098892
single,conservative,arc,2026181895,0,1.0198744897167125,0,0.25252525252525254,1.4370688105315106
single,conservative,arc,2026181896,0,1.5011909806004486,0,0.1976284584980237,1.3249911220543826
single,conservative,arc,2026181897,0,0.7242700235678579,0,0.21390374331550802,1.7078424861510955
single,conservative,arc,2026181898,0,0.8525280582481685,0,0.32710280373831774,1.5052901684115163
single,conservative,arc,2026181899,0,1.7746378373746867,0,0.18348623853211007,1.3793321517365311
single,conservative,arc,2026181900,0,1.2099896228514366,0,0.17857142857142858,1.398291646759067
single,conservative,multi_sine,2026281801,0,7.983317312968439,0,0.18666666666666668,1.4248418695055716
single,conservative,multi_sine,2026281802,0,9.40168960246744,0,0.1377410468319559,1.5581043163209758
single,conservative,multi_sine,2026281803,0,10.14506153617906,0,0.2425876010781671,1.7370385034884666
single,conservative,multi_sine,2026281804,0,5.286323564220436,0,0.12158054711246201,1.4121998288747128
single,conservative,multi_sine,2026281805,0,5.423408740954451,0,0.2232142857142857,1.4501776782225104
single,conservative,multi_sine,2026281806,0,2.827713334893589,0,0.2857142857142857,2.59768084627243
single,conservative,multi_sine,2026281807,0,6.57529605544885,0,0.20408163265306123,1.7453104637349484
single,conservative,multi_sine,2026281808,0,2.046936875212316,0,0.17857142857142858,2.4891398872183434
single,conservative,multi_sine,2026281809,0,1.2729738286901928,0,0.29585798816568043,2.472001196450654
single,conservative,multi_sine,2026281810,0,3.989732523676196,0,0.27322404371584696,1.8534623040240354
single,conservative,multi_sine,2026281811,0,4.907230670323662,0,0.2232142857142857,1.552158239440801
single,conservative,multi_sine,2026281812,0,6.055406503330498,0,0.23041474654377878,1.8996700418359473
single,conservative,multi_sine,2026281813,0,7.590661952880957,0,0.199203187250996,1.3427093159402068
single,conservative,multi_sine,2026281814,0,7.33884419817732,0,0.2347417840375587,2.166168245149493
single,conservative,multi_sine,2026281815,0,7.140823762961167,0,0.2099737532808399,1.3177888251771435
single,conservative,multi_sine,2026281816,0,5.395120651327946,0,0.24630541871921183,2.1911653781623808
single,conservative,multi_sine,2026281817,0,3.329025287881921,0,0.2702702702702703,2.890500550903351
single,conservative,multi_sine,2026281818,0,6.4104064512326095,0,0.228310502283105,1.9808035476007206
single,conservative,multi_sine,2026281819,0,9.271289750802563,0,0.2997275204359673,1.5925258775508593
single,conservative,multi_sine,2026281820,0,5.850910428020891,0,0.2145922746781116,1.6568556806231223
single,conservative,multi_sine,2026281821,0,3.9660478323495503,0,0.23364485981308408,2.4188147647524665
single,conservative,multi_sine,2026281822,0,8.610597687440945,0,0.2145922746781116,2.2053989130725675
single,conservative,multi_sine,2026281823,0,11.37359947550702,0,0.24193548387096772,1.704581884074415
single,conservative,multi_sine,2026281824,0,5.061380978637082,0,0.26666666666666666,2.130733162256938
single,conservative,multi_sine,2026281825,0,2.5913823642088185,0,0.2717391304347826,2.7194554935085278
single,conservative,multi_sine,2026281826,0,5.0368572823518205,0,0.24038461538461536,1.539715615795664
single,conservative,multi_sine,2026281827,0,2.872745562731425,0,0.21739130434782605,3.32267277634922
single,conservative,multi_sine,2026281828,0,7.329373882996386,0,0.2222222222222222,2.0885408471525087
single,conservative,multi_sine,2026281829,0,4.922054519955738,0,0.31746031746031744,2.021621944460205
single,conservative,multi_sine,2026281830,0,4.2200055405204155,0,0.1977401129943503,1.8099678573242286
single,conservative,multi_sine,2026281831,0,4.849380479900284,0,0.22727272727272727,1.8521809348470069
single,conservative,multi_sine,2026281832,0,8.478301558479666,0,0.1881720430107527,1.903456552993184
single,conservative,multi_sine,2026281833,0,9.385240761295469,0,0.18867924528301885,1.8650595250545452
single,conservative,multi_sine,2026281834,0,2.894391265210057,0,0.21978021978021978,3.079106305957387
single,conservative,multi_sine,2026281835,0,1.3622351916162687,0,0.17964071856287425,1.969270992891577
single,conservative,multi_sine,2026281836,0,2.6221119955995276,0,0.2222222222222222,3.493229442694076
single,conservative,multi_sine,2026281837,0,4.435969517447914,0,0.2040816326530612,2.3018651142847464
single,conservative,multi_sine,2026281838,0,6.793073478841723,0,0.28688524590163933,2.3009284137322186
single,conservative,multi_sine,2026281839,0,10.514093857544092,0,0.1881720430107527,1.7791179323537647
single,conservative,multi_sine,2026281840,0,2.9497142056157903,0,0.2631578947368421,2.353904824602431
single,conservative,multi_sine,2026281841,0,5.69489786408394,0,0.18018018018018014,1.8185514705686376
single,conservative,multi_sine,2026281842,0,9.657447120746372,0,0.1876675603217158,1.3432135487241994
single,conservative,multi_sine,2026281843,0,4.8013484564670215,0,0.2631578947368421,2.715116202608493
single,conservative,multi_sine,2026281844,0,4.122862436203854,0,0.2347417840375587,2.288838537580575
single,conservative,multi_sine,2026281845,0,11.909011375149303,0,0.1881720430107527,1.831326307099195
single,conservative,multi_sine,2026281846,0,3.588332975273118,0,0.2777777777777778,1.9408763531325477
single,conservative,multi_sine,2026281847,0,4.699802161612204,0,0.18617021276595744,2.138808138698888
single,conservative,multi_sine,2026281848,0,1.1792852312042386,0,0.21028037383177567,2.1134658694093402
single,conservative,multi_sine,2026281849,0,5.959173040738037,0,0.3013698630136986,1.9258735304047303
single,conservative,multi_sine,2026281850,0,5.102050104809759,0,0.2788844621513944,1.825164441661538
single,conservative,multi_sine,2026281851,0,5.110573618580098,0,0.28169014084507044,2.156509607487134
single,conservative,multi_sine,2026281852,0,12.08960662778558,0,0.21097046413502107,1.9686216340398817
single,conservative,multi_sine,2026281853,0,5.146183601063072,0,0.22727272727272727,2.188078752548197
single,conservative,multi_sine,2026281854,0,5.882858313267475,0,0.1913875598086124,2.060380986970045
single,conservative,multi_sine,2026281855,0,5.699603437195458,0,0.19444444444444445,1.9731502412134454
single,conservative,multi_sine,2026281856,0,3.5978985862799733,0,0.23255813953488372,1.4777175886306597
single,conservative,multi_sine,2026281857,0,9.379315068419812,0,0.1876675603217158,1.52374357490368
single,conservative,multi_sine,2026281858,0,5.202131834126007,0,0.23041474654377878,2.0122889400576707
single,conservative,multi_sine,2026281859,0,5.179572196899134,0,0.21645021645021645,1.9442459138594503
single,conservative,multi_sine,2026281860,0,7.493334134763895,0,0.2008032128514056,2.0316692731711763
single,conservative,multi_sine,2026281861,0,5.1279020081642175,0,0.25773195876288657,2.3266751505474685
single,conservative,multi_sine,2026281862,0,2.253030610978078,0,0.2247191011235955,3.725654259022609
single,conservative,multi_sine,2026281863,0,7.944663503498685,0,0.22421524663677128,2.160994943205195
single,conservative,multi_sine,2026281864,0,6.398169677955271,0,0.21176470588235294,1.8684084333241258
single,conservative,multi_sine,2026281865,0,7.1542418673644335,0,0.2892561983471074,2.288564176795333
single,conservative,multi_sine,2026281866,0,5.991424726587615,0,0.24875621890547261,2.414377939233826
single,conservative,multi_sine,2026281867,0,1.6196469539942648,0,0.2857142857142857,3.701105896236886
single,conservative,multi_sine,2026281868,0,5.636240468715991,0,0.17632241813602015,2.056893855471824
single,conservative,multi_sine,2026281869,0,5.266428254823751,0,0.24630541871921183,2.0098315550302885
single,conservative,multi_sine,2026281870,0,11.419952445644073,0,0.19455252918287935,1.849709517066463
single,conservative,multi_sine,2026281871,0,5.864434997318366,0,0.22346368715083798,1.956845463848703
single,conservative,multi_sine,2026281872,0,6.460395942230644,0,0.24896265560165973,2.168922932727307
single,conservative,multi_sine,2026281873,0,4.037416045255155,0,0.19292604501607716,1.96863939021822
single,conservative,multi_sine,2026281874,0,1.7970352226825135,0,0.24725274725274726,2.035842612926336
single,conservative,multi_sine,2026281875,0,11.908856020901,0,0.18867924528301885,1.9544828228337758
single,conservative,multi_sine,2026281876,0,5.34154852401747,0,0.1876675603217158,1.9379754223793297
single,conservative,multi_sine,2026281877,0,4.6841142325130205,0,0.23584905660377356,2.162860591352632
single,conservative,multi_sine,2026281878,0,7.307269315777342,0,0.23529411764705882,1.7367088704144418
single,conservative,multi_sine,2026281879,0,1.7723542037424715,0,0.2824858757062147,3.8053046549562093
single,conservative,multi_sine,2026281880,0,9.889549015365777,0,0.16129032258064516,1.411463595481291
single,conservative,multi_sine,2026281881,0,3.9962180412993766,0,0.25171624713958807,1.2583059985974971
single,conservative,multi_sine,2026281882,0,5.486657691086717,0,0.31007751937984496,1.918203836809452
single,conservative,multi_sine,2026281883,0,6.393179269885322,0,0.16666666666666666,1.893155448350126
single,conservative,multi_sine,2026281884,0,9.25735224018376,0,0.16393442622950818,1.5613350218371922
single,conservative,multi_sine,2026281885,0,7.183400370637465,0,0.2597402597402597,2.188151025745048
single,conservative,multi_sine,2026281886,0,3.7555724411513287,0,0.26595744680851063,2.6648981537186254
single,conservative,multi_sine,2026281887,0,2.7201297119326786,0,0.25906735751295334,2.318130579414432
single,conservative,multi_sine,2026281888,0,8.806497959284707,0,0.27322404371584696,2.018524016534043
single,conservative,multi_sine,2026281889,0,9.624177705440681,0,0.2465753424657534,1.6232665248371914
single,conservative,multi_sine,2026281890,0,2.941584078542342,0,0.22857142857142856,2.306520107005237
single,conservative,multi_sine,2026281891,0,5.826250067783674,0,0.26200873362445415,1.5738808368815633
single,conservative,multi_sine,2026281892,0,10.307877226793114,0,0.1897018970189702,1.7233365846357698
single,conservative,multi_sine,2026281893,0,4.72753338118215,0,0.20512820512820512,2.2631600196615125
single,conservative,multi_sine,2026281894,0,10.252704038927734,0,0.24523160762942778,1.6919098259326195
single,conservative,multi_sine,2026281895,0,5.527015995325778,0,0.15625,1.8413966454078057
single,conservative,multi_sine,2026281896,0,6.225103112982513,0,0.2127659574468085,1.55882531736329
single,conservative,multi_sine,2026281897,0,5.34322428885137,0,0.2032520325203252,1.779062775330168
single,conservative,multi_sine,2026281898,0,10.067136852913304,0,0.24324324324324326,1.5294063788757264
single,conservative,multi_sine,2026281899,0,6.681655432221803,0,0.20408163265306123,2.217613584188567
single,conservative,multi_sine,2026281900,0,4.548149494105407,0,0.24875621890547261,1.8250467307642082
single,conservative,jink,2026381801,0,2.6432472959774747,0,0.22847100175746923,2.2230401255591423
single,conservative,jink,2026381802,1,0.2816541475297389,0,0.2531645569620253,1.8842738197152302
single,conservative,jink,2026381803,0,1.8961802110411188,0,0.3010033444816053,2.048327107905017
single,conservative,jink,2026381804,0,1.5623243843240613,0,0.28021015761821366,2.1438586202171033
single,conservative,jink,2026381805,0,0.6738376936609336,0,0.2422145328719723,2.1357066171291335
single,conservative,jink,2026381806,0,1.3240980752113543,0,0.21231422505307854,2.047127959716292
single,conservative,jink,2026381807,0,2.9750583636463386,0,0.210727969348659,1.8040269025952502
single,conservative,jink,2026381808,0,1.3566548032822776,0,0.21164021164021163,2.066967296147465
single,conservative,jink,2026381809,0,1.008192247132934,0,0.2772963604852686,2.0718836885950083
single,conservative,jink,2026381810,0,2.359512280793028,0,0.21008403361344538,2.531777084599868
single,conservative,jink,2026381811,0,0.79834743363415,0,0.22491349480968856,3.3339974663588468
single,conservative,jink,2026381812,0,2.065398818147336,0,0.22670025188916876,2.393314580719871
single,conservative,jink,2026381813,0,0.8374012490742865,0,0.20366598778004072,3.0533305703406817
single,conservative,jink,2026381814,0,0.6385110748843896,0,0.2240325865580448,2.5706740199643257
single,conservative,jink,2026381815,0,2.2244109722947316,0,0.2807017543859649,2.1164893012880666
single,conservative,jink,2026381816,0,0.8288991201153831,0,0.2127659574468085,2.278906652911759
single,conservative,jink,2026381817,0,2.719602922742714,0,0.22071307300509335,2.00167274818099
single,conservative,jink,2026381818,0,1.2695131859316648,0,0.21472392638036808,1.629736132680576
single,conservative,jink,2026381819,0,2.1861712615702222,0,0.31446540880503143,2.499798702627618
single,conservative,jink,2026381820,0,0.9098415998668165,0,0.19189765458422173,2.510520817894425
single,conservative,jink,2026381821,1,0.5590582739449073,0,0.2222222222222222,0.9902626634320393
single,conservative,jink,2026381822,0,1.4855002953171543,0,0.28846153846153844,1.9488892177281947
single,conservative,jink,2026381823,0,3.207425791866694,0,0.17889087656529515,1.7755398465965653
single,conservative,jink,2026381824,0,0.7174866579578015,0,0.11976047904191617,1.8086990727367023
single,conservative,jink,2026381825,1,0.44563117702903626,0,0.21978021978021978,1.0564681745581592
single,conservative,jink,2026381826,0,1.564043574664617,0,0.09554140127388534,1.4730475665876819
single,conservative,jink,2026381827,0,1.3365221349989946,0,0.21825396825396823,2.6735915492576474
single,conservative,jink,2026381828,0,0.8499466032011767,0,0.2587800369685767,2.249328433620679
single,conservative,jink,2026381829,0,1.641888598093117,0,0.2546296296296296,1.8605647011172508
single,conservative,jink,2026381830,0,2.7574879814058,0,0.26223776223776224,1.9239391771731458
single,conservative,jink,2026381831,0,2.759452574574808,0,0.23032629558541265,1.9100643746724182
single,conservative,jink,2026381832,0,1.4881602627848352,0,0.27944111776447106,2.2256507150038307
single,conservative,jink,2026381833,0,1.6297154030830219,0,0.260707635009311,2.14634970321933
single,conservative,jink,2026381834,1,0.17942710193071132,1,0.43956043956043955,1.2270210978968787
single,conservative,jink,2026381835,0,2.426051111410954,0,0.194647201946472,2.1267661145992456
single,conservative,jink,2026381836,0,1.6563892447902586,0,0.2158273381294964,2.3327805877965853
single,conservative,jink,2026381837,0,0.9311507824572345,0,0.11320754716981132,1.9777962769986874
single,conservative,jink,2026381838,0,0.8431655810304411,0,0.21868787276341947,2.1763413273092547
single,conservative,jink,2026381839,1,0.42698663302742884,0,0.2247191011235955,2.5002111880212254
single,conservative,jink,2026381840,0,1.9577662499485453,0,0.30237580993520513,2.349413067261447
single,conservative,jink,2026381841,0,1.7401578256742265,0,0.30354131534569984,1.9757940319116998
single,conservative,jink,2026381842,1,0.5234604868321655,0,0.2,1.980393786906462
single,conservative,jink,2026381843,0,1.3642120437399712,0,0.2099236641221374,2.3975865203503495
single,conservative,jink,2026381844,1,0.4382428506485483,0,0.23201856148491878,2.0614349283511477
single,conservative,jink,2026381845,0,1.202032080571401,0,0.11320754716981132,1.5657197313596949
single,conservative,jink,2026381846,1,0.5134132434905265,0,0.1935483870967742,1.0613628456390203
single,conservative,jink,2026381847,0,3.1230028976710673,0,0.2903225806451613,2.2191139436514593
single,conservative,jink,2026381848,0,1.3192728182777498,0,0.2529182879377432,1.9243539013883961
single,conservative,jink,2026381849,0,0.6487900668854982,0,0.30701754385964913,1.8429249529741942
single,conservative,jink,2026381850,1,0.4076966474786015,0,0.28301886792452824,2.1228519671530766
single,conservative,jink,2026381851,0,0.9266593693729259,0,0.19323671497584538,2.512223609680577
single,conservative,jink,2026381852,1,0.29334822685853246,0,0.21943573667711597,2.3082080041593853
single,conservative,jink,2026381853,0,0.8669412984638163,0,0.29462738301559793,1.9387398194780965
single,conservative,jink,2026381854,0,1.1544083788581536,0,0.29279279279279274,2.1267678497444416
single,conservative,jink,2026381855,0,1.2351642031555055,0,0.23255813953488372,1.8342213148987194
single,conservative,jink,2026381856,1,0.5793623279903315,0,0.37037037037037035,1.626050401922501
single,conservative,jink,2026381857,0,1.5280143829633617,0,0.3460207612456747,1.999915781683174
single,conservative,jink,2026381858,0,2.477346981559603,0,0.3333333333333333,1.9188884885608537
single,conservative,jink,2026381859,1,0.129257958734202,0,0.15873015873015872,1.1027567630150417
single,conservative,jink,2026381860,1,0.20497475990767086,0,0.16129032258064516,1.2117213426982976
single,conservative,jink,2026381861,0,0.9232957614567407,0,0.2599653379549393,2.221779424434017
single,conservative,jink,2026381862,1,0.26299921296603457,0,0.37974683544303794,1.3217787800550203
single,conservative,jink,2026381863,0,0.9825995296037061,0,0.2114164904862579,2.005109357185155
single,conservative,jink,2026381864,0,0.7361284970494689,0,0.20920502092050208,1.8150901801160089
single,conservative,jink,2026381865,1,0.2577583695185014,0,0.2608695652173913,1.610547171101447
single,conservative,jink,2026381866,0,1.008634827889138,0,0.16286644951140064,1.8010262657782297
single,conservative,jink,2026381867,0,0.7325382599334461,0,0.3577512776831346,1.9276955486281975
single,conservative,jink,2026381868,0,1.7723527203753218,0,0.1990049751243781,2.0647627583595654
single,conservative,jink,2026381869,0,1.332727895573751,0,0.15384615384615385,2.068719503693038
single,conservative,jink,2026381870,0,0.9722265916175312,0,0.28846153846153844,2.3157537015914587
single,conservative,jink,2026381871,0,1.8092584625703347,0,0.2716049382716049,2.2521503580535502
single,conservative,jink,2026381872,0,1.708236442998829,0,0.2310924369747899,1.8479502686946545
single,conservative,jink,2026381873,0,0.87197671346571,0,0.2310924369747899,1.9323594628547078
single,conservative,jink,2026381874,0,1.2001400616709093,0,0.22172949002217293,2.0814936847716963
single,conservative,jink,2026381875,0,1.5801778398247646,0,0.24518388791593695,1.9880848972079666
single,conservative,jink,2026381876,0,2.0525198675277414,0,0.16129032258064516,2.3272324181480144
single,conservative,jink,2026381877,0,1.1772523541885707,0,0.2868068833652007,1.9783044228321824
single,conservative,jink,2026381878,0,0.8234984019163979,0,0.2414486921529175,2.54435344567939
single,conservative,jink,2026381879,0,0.8986809092147737,0,0.17241379310344826,1.8966661804264895
single,conservative,jink,2026381880,0,1.2624486253331109,0,0.2631578947368421,1.941329686603221
single,conservative,jink,2026381881,0,2.118200011988153,0,0.27450980392156865,1.7823904926473506
single,conservative,jink,2026381882,0,1.9851291869220455,0,0.25295109612141653,2.349800047137333
single,conservative,jink,2026381883,1,0.15614450549225034,0,0.3488372093023256,1.8779141576052776
single,conservative,jink,2026381884,0,1.4412332138264532,0,0.24734982332155475,1.8246679311149807
single,conservative,jink,2026381885,1,0.4338860576488962,0,0.25906735751295334,1.8890600881396364
single,conservative,jink,2026381886,0,0.7192357576186243,0,0.1953125,2.111584120184076
single,conservative,jink,2026381887,0,0.9792720233581723,0,0.30534351145038163,1.6155234892557948
single,conservative,jink,2026381888,0,2.1196080351703763,0,0.26666666666666666,1.5703831729318187
single,conservative,jink,2026381889,0,0.9451834716922326,0,0.20833333333333331,1.9919646941965503
single,conservative,jink,2026381890,0,1.315393547153982,0,0.2988505747126437,1.984673068986345
single,conservative,jink,2026381891,1,0.5072756926872719,0,0.32362459546925565,2.276975134749733
single,conservative,jink,2026381892,0,0.9272788320663847,0,0.09554140127388534,1.863222247884706
single,conservative,jink,2026381893,0,1.5671037923524282,0,0.22847100175746923,2.092011867631774
single,conservative,jink,2026381894,0,1.2571795294928307,0,0.24029574861367836,2.229681351026402
single,conservative,jink,2026381895,0,0.9211816055821556,0,0.19607843137254902,1.7971198105951318
single,conservative,jink,2026381896,0,2.58978812193226,0,0.2529182879377432,1.7246708678823903
single,conservative,jink,2026381897,1,0.471084929656985,0,0.33707865168539325,1.5811273388674165
single,conservative,jink,2026381898,1,0.485942866221673,0,0.21739130434782605,1.5747792803759375
single,conservative,jink,2026381899,0,0.9499532272695083,0,0.3527336860670194,2.4155806038386842
single,conservative,jink,2026381900,0,1.0333215609035373,0,0.21231422505307854,2.058439687064747
